{
  "optimizer": {
    "lr": 0.00014907244725818327
  },
  "strategy": {
    "alpha_ema": 0.7352693707956588,
    "regul": 2.1396308217704136e-05
  }
}