{
  "optimizer": {
    "lr": 4.964139980662529e-05
  },
  "strategy": {
    "regul": 0.007965709193700548
  }
}