{
  "optimizer": {
    "lr": 4.445237396235787e-05
  },
  "strategy": {
    "alpha_ema": 0.011428480441105759,
    "regul": 8.525646020525868e-05
  }
}