{
  "optimizer": {
    "lr": 0.007525169768318169
  },
  "strategy": {
    "alpha_ema": 0.08971709085797279,
    "regul": 0.0012223514375226522
  }
}