{
  "optimizer": {
    "lr": 0.00032856082526475333
  },
  "strategy": {
    "alpha_ema": 0.1256053559468927,
    "regul": 1.0198446432486928e-05
  }
}