{
  "optimizer": {
    "lr": 1.2800670136850647e-05
  },
  "strategy": {
    "alpha_ema": 0.9922268913488304,
    "lambda_": 0.06607199298701273,
    "regul": 0.00027099905016810243
  }
}