{
  "optimizer": {
    "lr": 5.2443750291874195e-05
  },
  "strategy": {
    "alpha_ema": 0.24220239428969806,
    "lambda_": 0.940568678264129,
    "regul": 0.09498652728129262
  }
}