{
  "optimizer": {
    "lr": 0.07704295211802008
  },
  "strategy": {
    "alpha_ema": 0.03165936842911122,
    "regul": 0.0019847110087557024
  }
}