{
  "optimizer": {
    "lr": 0.08506304146216533
  },
  "strategy": {
    "alpha_ema": 0.12651920278157122,
    "regul": 0.0009640072954027284
  }
}