{
  "optimizer": {
    "lr": 0.0007987731554358126
  },
  "strategy": {
    "alpha_ema": 0.5540200003109911,
    "alpha_ema_last": 0.07716734637040053,
    "regul": 0.0038309338099123276
  }
}