{
  "optimizer": {
    "lr": 1.6501509100648682e-05
  },
  "strategy": {
    "alpha_ema": 0.03948134350155622,
    "alpha_ema_last": 0.01811706092253268,
    "clip": 84694.72001649883,
    "lambda_": 0.45283663614819586,
    "regul": 0.001181186342131357,
    "regul_last": 0.0001863064543706074
  }
}