{
  "optimizer": {
    "lr": 0.016943930744358165
  },
  "strategy": {
    "regul": 0.002053619615602712
  }
}