{
  "strategy": {
    "alpha_ema": 0.4282118908097266,
    "alpha_ema_last": 0.04744470441963168,
    "clip": 0.3072705168595073,
    "lambda_": 9.844688703307446,
    "regul": 0.01242237821197251,
    "regul_last": 0.03874673420134135
  }
}