{
  "strategy": {
    "alpha_ema": 0.23209128365265116,
    "alpha_ema_last": 0.03503334815620228,
    "clip": 1.6634214616665164,
    "lambda_": 0.1161688503013997,
    "regul": 0.0029203781816000323,
    "regul_last": 0.00014193499071197532
  }
}