{
  "strategy": {
    "alpha_ema": 0.08098701326076863,
    "alpha_ema_last": 0.01939891138131658,
    "clip": 33.495947082097366,
    "lambda_": 6.489699173217904,
    "regul": 0.00013773025577478023,
    "regul_last": 0.4135911526553015
  }
}