{
  "strategy": {
    "alpha_ema": 0.11212427472527879,
    "alpha_ema_last": 0.1711877992962023,
    "clip": 0.20215395551511628,
    "lambda_": 4.356911262300795,
    "regul": 0.0006954263787470683,
    "regul_last": 0.02503090753747734
  }
}