{
  "optimizer": {
    "lr": 0.001297738115268409
  },
  "strategy": {
    "alpha_ema": 0.49727719299816786,
    "regul": 0.00021279859151933904
  }
}