{
  "optimizer": {
    "lr": 0.007003062104746677
  },
  "strategy": {
    "alpha_ema": 0.05399513188845148,
    "regul": 0.00021591125659136816,
    "regul_last": 0.04598316261084687
  }
}