{
  "optimizer": {
    "lr": 3.2792087455495266e-05
  },
  "strategy": {
    "alpha_ema": 0.014673417014944961,
    "regul": 0.08746617397359724
  }
}