{
  "strategy": {
    "alpha_ema": 0.053749850744232816,
    "clip": 0.701080563123971,
    "lambda_": 3.9794007220297587,
    "regul": 0.03360564151707968
  }
}