{
  "optimizer": {
    "lr": 0.0002328568033727953
  },
  "strategy": {
    "alpha_ema": 0.024356205900603233,
    "alpha_ema_last": 0.09721352968787635,
    "clip": 8857.406084909437,
    "lambda_": 64.19070465467323,
    "regul": 0.006775626942962441,
    "regul_last": 0.018833456250441936
  }
}