{
  "optimizer": {
    "lr": 0.004030558646238729
  },
  "strategy": {
    "regul": 0.28513349031527013
  }
}