{
  "optimizer": {
    "lr": 0.026917086529026333
  },
  "strategy": {
    "alpha_ema": 0.5778711576269505,
    "regul": 0.0011297341483394259
  }
}