{
  "optimizer": {
    "lr": 0.00011656099755412102
  },
  "strategy": {
    "alpha_ema": 0.10874066007040012,
    "alpha_ema_last": 0.8641285112910415,
    "regul": 0.00026017934768123713
  }
}