{
  "strategy": {
    "alpha_ema": 0.1220144206721876,
    "clip": 0.44823822676787956,
    "lambda_": 0.04045495810327774,
    "regul": 0.00436740205112245
  }
}