{
  "optimizer": {
    "lr": 0.00013142118555531783
  },
  "strategy": {
    "regul": 8.791350283919382e-05
  }
}