{
  "optimizer": {
    "lr": 0.018600018760782194
  },
  "strategy": {
    "alpha_ema": 0.015969788065357347,
    "alpha_ema_last": 0.49950710868297815,
    "clip": 1.936885685450543,
    "lambda_": 0.5272194793751119,
    "regul": 0.02733689808401381,
    "regul_last": 0.001239069059533758
  }
}