{
  "optimizer": {
    "lr": 8.741801490619368e-05
  },
  "strategy": {
    "alpha_ema": 0.07630295204351692,
    "regul": 7.568908741079743e-05
  }
}