{
  "optimizer": {
    "lr": 0.018768003534505875
  },
  "strategy": {
    "alpha_ema": 0.019263485519484654,
    "regul": 3.3457836974196156e-05
  }
}