{
  "optimizer": {
    "lr": 0.02342865434568269
  },
  "strategy": {
    "alpha_ema": 0.20727282164255206,
    "alpha_ema_last": 0.9784606993999211,
    "regul": 0.00018279206352974227
  }
}