{
  "optimizer": {
    "lr": 0.014611904276597419
  },
  "strategy": {
    "alpha_ema": 0.06774103069853131,
    "regul": 7.265191839101658e-05
  }
}