{
  "optimizer": {
    "lr": 0.005822074609843164
  },
  "strategy": {
    "alpha_ema": 0.023062602417250024,
    "regul": 0.013427954358560307,
    "regul_last": 0.09953098969019254
  }
}