{
  "optimizer": {
    "lr": 0.0002575934811438008
  },
  "strategy": {
    "alpha_ema": 0.5044406615399143,
    "regul": 0.030274759532721563
  }
}