{
  "optimizer": {
    "lr": 0.00021052900555700282
  },
  "strategy": {
    "alpha_ema": 0.017787067008413197,
    "regul": 0.0003375624740107118
  }
}