{
  "optimizer": {
    "lr": 2.266021880478885e-05
  },
  "strategy": {
    "alpha_ema": 0.06643781670108738,
    "regul": 0.001638991867079468,
    "regul_last": 0.013129119584803778
  }
}