{
  "optimizer": {
    "lr": 0.07530904012065992
  },
  "strategy": {
    "alpha_ema": 0.0864238908982609,
    "regul": 0.0007764477095582096
  }
}