{
  "optimizer": {
    "lr": 4.4870085056500826e-05
  },
  "strategy": {
    "alpha_ema": 0.1600043415876072,
    "alpha_ema_last": 0.5714601345660857,
    "regul": 0.00040862131429506005
  }
}