{
  "optimizer": {
    "lr": 0.0016133788366234087
  },
  "strategy": {
    "alpha_ema": 0.013019041068726733,
    "alpha_ema_last": 0.5901461561481683,
    "clip": 196.2353778421918,
    "lambda_": 0.8030560683670342,
    "regul": 0.0093454132420572,
    "regul_last": 0.1502877004914364
  }
}