{
  "optimizer": {
    "lr": 0.00025575955410888707
  },
  "strategy": {
    "alpha_ema": 0.18006415905641118,
    "regul": 0.0013936543109025403
  }
}