{
  "optimizer": {
    "lr": 0.09338865676451429
  },
  "strategy": {
    "alpha_ema": 0.010052953220266728,
    "regul": 1.0067805112630787e-05
  }
}