{
  "optimizer": {
    "lr": 2.513215652493882e-05
  },
  "strategy": {
    "alpha_ema": 0.013313768677534294,
    "regul": 0.00027761420292155524
  }
}