{
  "optimizer": {
    "lr": 3.249994816817895e-05
  },
  "strategy": {
    "alpha_ema": 0.9819643569521705,
    "alpha_ema_last": 0.19875050415299583,
    "regul": 0.00014756623109310124
  }
}