{
  "optimizer": {
    "lr": 0.00023444240454631004
  },
  "strategy": {
    "alpha_ema": 0.07248820033343382,
    "regul": 0.007595621059260788
  }
}