{
  "optimizer": {
    "lr": 0.006978836817461545
  },
  "strategy": {
    "alpha_ema": 0.0363702481966798,
    "regul": 0.0024421249299178415
  }
}