{
  "optimizer": {
    "lr": 0.000282952671883825
  },
  "strategy": {
    "alpha_ema": 0.01299785718068772,
    "regul": 0.017516597198297013
  }
}