{
  "optimizer": {
    "lr": 0.007234656872579808
  },
  "strategy": {
    "alpha_ema": 0.10783612945306799,
    "regul": 0.0022776655428427745
  }
}