{
  "optimizer": {
    "lr": 0.00011859744354152381
  },
  "strategy": {
    "alpha_ema": 0.0690725621238066,
    "regul": 0.0030101405768706247
  }
}