{
  "optimizer": {
    "lr": 0.022990702804988085
  },
  "strategy": {
    "alpha_ema": 0.47789354049982585,
    "regul": 0.045778892320806605
  }
}