{
  "optimizer": {
    "lr": 1.423029349089548e-05
  },
  "strategy": {
    "alpha_ema": 0.1426870782106327,
    "alpha_ema_last": 0.04756356257701938,
    "clip": 18239.651648345116,
    "lambda_": 85.50419430645908,
    "regul": 0.004202783822594702,
    "regul_last": 0.0014841035660361438
  }
}