{
  "optimizer": {
    "lr": 0.0002024465178498576
  },
  "strategy": {
    "alpha_ema": 0.03614175384452791,
    "regul": 1.2316969184863756e-05
  }
}