{
  "optimizer": {
    "lr": 0.0005643929922001203
  },
  "strategy": {
    "alpha_ema": 0.33439997553200845,
    "alpha_ema_last": 0.03116474056329885,
    "regul": 0.0005577076150234048
  }
}