{
  "strategy": {
    "alpha_ema": 0.09310060596649203,
    "clip": 0.022030076802836283,
    "lambda_": 8.338833605545751,
    "regul": 0.6914567223264576
  }
}