{
  "strategy": {
    "alpha_ema": 0.09225961541092897,
    "alpha_ema_last": 0.10727285715963632,
    "clip": 1.3006670168607875,
    "lambda_": 0.16355515308534796,
    "regul": 0.00018946765403795985,
    "regul_last": 0.04689883270565708
  }
}