{
  "optimizer": {
    "lr": 3.598153361641628e-05
  },
  "strategy": {
    "alpha_ema": 0.8842107598978286,
    "alpha_ema_last": 0.33130757849267733,
    "regul": 0.0007203570320108059
  }
}