{
  "optimizer": {
    "lr": 4.958169931637533e-05
  },
  "strategy": {
    "alpha_ema": 0.07824861035269343,
    "lambda_": 0.22067959299389966,
    "regul": 8.765619468741777e-05
  }
}