{
  "optimizer": {
    "lr": 0.0021593800893090344
  },
  "strategy": {
    "alpha_ema": 0.08905908108310615,
    "lambda_": 0.9198746126148984,
    "regul": 3.054401971601419e-05
  }
}