{
  "optimizer": {
    "lr": 0.005005439916409664
  },
  "strategy": {
    "alpha_ema": 0.03402858112044227,
    "regul": 0.06394114233471211
  }
}