{
  "optimizer": {
    "lr": 2.558456156716096e-05
  },
  "strategy": {
    "alpha_ema": 0.017896810611915816,
    "lambda_": 0.6634452887398267,
    "regul": 4.5266901860584554e-05
  }
}