{
  "optimizer": {
    "lr": 0.0025064689305479932
  },
  "strategy": {
    "alpha_ema": 0.010065119020709683,
    "alpha_ema_last": 0.5171445486764976,
    "clip": 2321.6679820976706,
    "lambda_": 1.4291283202716363,
    "regul": 0.02246585041925054,
    "regul_last": 0.17470463501065872
  }
}