{
  "optimizer": {
    "lr": 0.002529844759999412
  },
  "strategy": {
    "alpha_ema": 0.0189127006790436,
    "regul": 0.029783727023783124
  }
}