{
  "optimizer": {
    "lr": 0.040958127959917885
  },
  "strategy": {
    "alpha_ema": 0.7837383804815667,
    "regul": 0.00021133187619352912
  }
}