{
  "optimizer": {
    "lr": 0.00018892013608612978
  },
  "strategy": {
    "regul": 0.022361146588804757
  }
}