{
  "optimizer": {
    "lr": 0.09586007536025465
  },
  "strategy": {
    "alpha_ema": 0.0785892028249244,
    "regul": 0.00015442563674207546
  }
}