{
  "optimizer": {
    "lr": 3.606449894823464e-05
  },
  "strategy": {
    "alpha_ema": 0.0367243576822475,
    "regul": 0.008382726212177864
  }
}