{
  "optimizer": {
    "lr": 0.0013806095171406943
  },
  "strategy": {
    "alpha_ema": 0.4215815095936178,
    "regul": 0.0034181978735931284
  }
}