{
  "strategy": {
    "alpha_ema": 0.010997849528939339,
    "alpha_ema_last": 0.3226423083635749,
    "clip": 0.26862067528037825,
    "lambda_": 2.61041388720167,
    "regul": 0.0037925557019042977,
    "regul_last": 0.004486726629236228
  }
}