{
  "optimizer": {
    "lr": 0.0020394939793937526
  },
  "strategy": {
    "alpha_ema": 0.8985605761625358,
    "regul": 0.0010258768586750007
  }
}