{
  "optimizer": {
    "lr": 0.031594416093859955
  },
  "strategy": {
    "alpha_ema": 0.07305389372621138,
    "regul": 0.001203266974236306
  }
}