{
  "optimizer": {
    "lr": 0.000408082953657462
  },
  "strategy": {
    "alpha_ema": 0.025810500278092317,
    "regul": 0.00037120487457328524
  }
}