{
  "optimizer": {
    "lr": 0.0005466003969054791
  },
  "strategy": {
    "alpha_ema": 0.1008816297769003,
    "regul": 5.5644430584803054e-05
  }
}