{
  "optimizer": {
    "lr": 0.007347243651690788
  },
  "strategy": {
    "alpha_ema": 0.04909029710158061,
    "regul": 0.0001903204532491823
  }
}