{
  "optimizer": {
    "lr": 0.07801067297376274
  },
  "strategy": {
    "alpha_ema": 0.016670105544765085,
    "lambda_": 0.15674877698238138,
    "regul": 5.933778442549728e-05
  }
}