{
  "strategy": {
    "alpha_ema": 0.06924403778576346,
    "alpha_ema_last": 0.5392661617491818,
    "clip": 9.71324243795241,
    "lambda_": 0.02279634783704443,
    "regul": 0.172946163825248,
    "regul_last": 0.04169131203363419
  }
}