{
  "optimizer": {
    "lr": 0.0001566071884482753
  },
  "strategy": {
    "alpha_ema": 0.012126539695101201,
    "regul": 9.850270821917581e-05,
    "regul_last": 0.0007305322776137395
  }
}