{
  "optimizer": {
    "lr": 2.043696218915292e-05
  },
  "strategy": {
    "alpha_ema": 0.11212145390600545,
    "regul": 3.6439494924652844e-05
  }
}