{
  "optimizer": {
    "lr": 0.00027215485934572873
  },
  "strategy": {
    "alpha_ema": 0.01846171362462916,
    "regul": 0.008538538517870476,
    "regul_last": 0.052328178291784884
  }
}