{
  "optimizer": {
    "lr": 0.00022319150958992703
  },
  "strategy": {
    "alpha_ema": 0.14435096140541587,
    "regul": 0.0004914398542193054,
    "regul_last": 0.00429505361947067
  }
}