{
  "strategy": {
    "alpha_ema": 0.5286952038124206,
    "alpha_ema_last": 0.8595295882339962,
    "clip": 0.10572381071215592,
    "lambda_": 0.7336719110237866,
    "regul": 0.03619207729003577,
    "regul_last": 0.0010057920187841606
  }
}