{
  "optimizer": {
    "lr": 1.536491496007644e-05
  },
  "strategy": {
    "alpha_ema": 0.4543693555377403,
    "alpha_ema_last": 0.1862689755257524,
    "regul": 0.00010147254916472138
  }
}