{
  "optimizer": {
    "lr": 2.102516799290449e-05
  },
  "strategy": {
    "regul": 0.002994551184556468
  }
}