{
  "optimizer": {
    "lr": 5.1157342629405836e-05
  },
  "strategy": {
    "alpha_ema": 0.17186425207738065,
    "regul": 4.325277962690062e-05
  }
}