{
  "optimizer": {
    "lr": 0.017306769814256603
  },
  "strategy": {
    "alpha_ema": 0.5548147374294683,
    "regul": 0.05451197839732053
  }
}