{
  "strategy": {
    "alpha_ema": 0.07281972734249043,
    "clip": 4.785808733186077,
    "lambda_": 0.016549148882269205,
    "regul": 0.6309358255456737
  }
}