{
  "optimizer": {
    "lr": 3.553258475710272e-05
  },
  "strategy": {
    "alpha_ema": 0.9429665899294524,
    "regul": 0.0188667505028168
  }
}