{
  "strategy": {
    "alpha_ema": 0.051193744911037016,
    "alpha_ema_last": 0.6721552007834011,
    "clip": 24.701568193436813,
    "lambda_": 2.296954058152882,
    "regul": 0.017278007819856507,
    "regul_last": 0.8374267474844668
  }
}