{
  "optimizer": {
    "lr": 2.9568531501085543e-05
  },
  "strategy": {
    "alpha_ema": 0.08893790361223156,
    "regul": 0.0009824611740793386
  }
}