{
  "optimizer": {
    "lr": 0.0003617801969369201
  },
  "strategy": {
    "alpha_ema": 0.20168686602344008,
    "lambda_": 0.7281930317868673,
    "regul": 0.03899128972821981
  }
}