{
  "optimizer": {
    "lr": 0.00535944592494414
  },
  "strategy": {
    "alpha_ema": 0.14144892603923365,
    "regul": 0.002675914684747195
  }
}