{
  "optimizer": {
    "lr": 1.2680054875202219e-05
  },
  "strategy": {
    "alpha_ema": 0.010996153347113014,
    "lambda_": 1.632649529037995,
    "regul": 0.022175035804173657
  }
}