{
  "optimizer": {
    "lr": 0.0005720685915323547
  },
  "strategy": {
    "alpha_ema": 0.15873931867358027,
    "regul": 0.0001663628997995019,
    "regul_last": 5.2777205389192714e-05
  }
}