{
  "optimizer": {
    "lr": 0.00668650973119289
  },
  "strategy": {
    "alpha_ema": 0.014116671815502944,
    "lambda_": 0.025321588472874204,
    "regul": 0.032209896208281796
  }
}