{
  "optimizer": {
    "lr": 0.003497163224523963
  },
  "strategy": {
    "alpha_ema": 0.031918830678719194,
    "regul": 0.0653224702232021
  }
}