{
  "optimizer": {
    "lr": 0.0014767951864990089
  },
  "strategy": {
    "alpha_ema": 0.2671481740139286,
    "regul": 0.06605886030361927
  }
}