{
  "optimizer": {
    "lr": 0.007459580912426462
  },
  "strategy": {
    "alpha_ema": 0.041264654136053604,
    "regul": 2.582841197429499e-05,
    "regul_last": 0.009737808672012425
  }
}