{
  "strategy": {
    "alpha_ema": 0.1364645888570151,
    "clip": 2.7752514679521467,
    "lambda_": 0.1602453950903994,
    "regul": 0.00992069295363492
  }
}