{
  "strategy": {
    "alpha_ema": 0.04087986352306444,
    "alpha_ema_last": 0.25178847901320345,
    "clip": 0.6022037646889609,
    "lambda_": 9.950248438456937,
    "regul": 0.052469607038482,
    "regul_last": 0.001215573549342597
  }
}