{
  "optimizer": {
    "lr": 0.023050522988614267
  },
  "strategy": {
    "alpha_ema": 0.6264413718960578,
    "lambda_": 0.01675541711277373,
    "regul": 0.21403778173818708
  }
}