{
  "optimizer": {
    "lr": 0.04142139842604953
  },
  "strategy": {
    "alpha_ema": 0.10983306346677425,
    "regul": 1.7210945957080818e-05,
    "regul_last": 1.0886182170501373e-05
  }
}