{
  "strategy": {
    "alpha_ema": 0.035559610999311646,
    "clip": 0.27535459388646616,
    "lambda_": 0.11109643271383202,
    "regul": 0.00220561815995989
  }
}