{
  "optimizer": {
    "lr": 0.000634094171034007
  },
  "strategy": {
    "alpha_ema": 0.18841822804298794,
    "regul": 0.0017561282366060575
  }
}