{
  "optimizer": {
    "lr": 1.0493196697169152e-05
  },
  "strategy": {
    "alpha_ema": 0.025554804858848687,
    "regul": 1.3921883148728418e-05,
    "regul_last": 0.09884566140864247
  }
}