{
  "optimizer": {
    "lr": 0.009365035374164995
  },
  "strategy": {
    "alpha_ema": 0.0579247877580675,
    "regul": 1.5904435552763316e-05,
    "regul_last": 0.017076214048456453
  }
}