{
  "optimizer": {
    "lr": 8.968741428790053e-05
  },
  "strategy": {
    "regul": 0.001031589930990284
  }
}