{
  "optimizer": {
    "lr": 0.0003175761246027518
  },
  "strategy": {
    "alpha_ema": 0.7888065165894091,
    "lambda_": 0.2105627090422676,
    "regul": 0.0029971115465389085
  }
}