{
  "optimizer": {
    "lr": 0.00808329501118877
  },
  "strategy": {
    "alpha_ema": 0.11720748914912055,
    "lambda_": 0.4001613729035383,
    "regul": 0.05327497352578044
  }
}