{
  "optimizer": {
    "lr": 0.030524655173589908
  },
  "strategy": {
    "alpha_ema": 0.12073247448435974,
    "alpha_ema_last": 0.17609266310211538,
    "clip": 657.7973154864272,
    "lambda_": 2.2913393136711777,
    "regul": 0.9809251716386398,
    "regul_last": 0.011931397400444445
  }
}