{
  "optimizer": {
    "lr": 2.1855813217562348e-05
  },
  "strategy": {
    "alpha_ema": 0.6812439651143949,
    "regul": 0.0007091435023480945
  }
}