{
  "optimizer": {
    "lr": 5.1114597790133284e-05
  },
  "strategy": {
    "regul": 0.0678885213132463
  }
}