{
  "strategy": {
    "alpha_ema": 0.1929838444635806,
    "clip": 0.062349425819215765,
    "lambda_": 4.077084674751599,
    "regul": 0.433586613594797
  }
}