{
  "optimizer": {
    "lr": 0.0002475972403365398
  },
  "strategy": {
    "alpha_ema": 0.15295979259085138,
    "regul": 5.124237922901322e-05
  }
}