{
  "optimizer": {
    "lr": 0.003654184074703521
  },
  "strategy": {
    "alpha_ema": 0.07146327070895939,
    "regul": 0.0003349053648706956
  }
}