{
  "strategy": {
    "alpha_ema": 0.018224280877530624,
    "clip": 0.03958991255486924,
    "lambda_": 0.5746971380117393,
    "regul": 0.10856007481669201
  }
}