{
  "optimizer": {
    "lr": 0.0004541277779990837
  },
  "strategy": {
    "alpha_ema": 0.09945758039403561,
    "lambda_": 0.01883012686806177,
    "regul": 0.013812429904627487
  }
}