{
  "optimizer": {
    "lr": 0.0011018341485544833
  },
  "strategy": {
    "alpha_ema": 0.12098075158318763,
    "regul": 0.0008253981756434476
  }
}