{
  "strategy": {
    "alpha_ema": 0.6384605412119205,
    "clip": 1.2838948832279935,
    "lambda_": 0.5468667423914166,
    "regul": 0.04472392489527025
  }
}