{
  "optimizer": {
    "lr": 4.4911329079488754e-05
  },
  "strategy": {
    "alpha_ema": 0.014361027778327422,
    "regul": 0.0032327840759730202,
    "regul_last": 0.022066692070559904
  }
}