{
  "optimizer": {
    "lr": 1.1592776093425894e-05
  },
  "strategy": {
    "alpha_ema": 0.11417972069668675,
    "regul": 0.0009166397052006639,
    "regul_last": 0.0006021884086468826
  }
}