{
  "optimizer": {
    "lr": 0.0009955902283396195
  },
  "strategy": {
    "alpha_ema": 0.8053132328239392,
    "lambda_": 0.10893217777562039,
    "regul": 2.4197423726074738e-05
  }
}