{
  "optimizer": {
    "lr": 0.000999548667876208
  },
  "strategy": {
    "alpha_ema": 0.5245677911861397,
    "lambda_": 0.1674516164695085,
    "regul": 0.00011333103027859387
  }
}