{
  "optimizer": {
    "lr": 0.012029451356047055
  },
  "strategy": {
    "alpha_ema": 0.11056810859861982,
    "regul": 0.02283517156876131
  }
}