{
  "optimizer": {
    "lr": 0.0005334746792776899
  },
  "strategy": {
    "regul": 0.001348682232774788
  }
}