{
  "strategy": {
    "alpha_ema": 0.3002641677918194,
    "clip": 0.601793286856839,
    "lambda_": 0.06908858089646103,
    "regul": 0.00026220501966171654
  }
}