{
  "optimizer": {
    "lr": 0.015046862834699692
  },
  "strategy": {
    "alpha_ema": 0.01589976960006645,
    "regul": 0.0005436843515152746
  }
}