{
  "optimizer": {
    "lr": 5.837414371656648e-05
  },
  "strategy": {
    "regul": 0.006646383839421447
  }
}