{
  "optimizer": {
    "lr": 0.0003039819139994561
  },
  "strategy": {
    "alpha_ema": 0.017853898574810442,
    "regul": 0.0006952668192620812
  }
}