{
  "optimizer": {
    "lr": 0.0011458903517545889
  },
  "strategy": {
    "alpha_ema": 0.5780887511356889,
    "alpha_ema_last": 0.9874955748738472,
    "regul": 0.000774441880593226
  }
}