{
  "optimizer": {
    "lr": 2.132713339159524e-05
  },
  "strategy": {
    "regul": 0.00269864636611507
  }
}