{
  "optimizer": {
    "lr": 5.463118758594556e-05
  },
  "strategy": {
    "alpha_ema": 0.04819778744392467,
    "regul": 0.0026436867353882504
  }
}