{
  "optimizer": {
    "lr": 0.01002510785285928
  },
  "strategy": {
    "alpha_ema": 0.07230858108163928,
    "lambda_": 0.2595894509842926,
    "regul": 0.01669568614367591
  }
}