{
  "optimizer": {
    "lr": 0.004826869390404615
  },
  "strategy": {
    "alpha_ema": 0.05463042250740663,
    "regul": 0.0004808364826426648
  }
}