{
  "optimizer": {
    "lr": 2.6880875752692746e-05
  },
  "strategy": {
    "alpha_ema": 0.188087696295655,
    "regul": 0.09244061096565662
  }
}