{
  "optimizer": {
    "lr": 0.0001034318861880263
  },
  "strategy": {
    "alpha_ema": 0.9791980110925955,
    "regul": 0.00023953522520011862
  }
}