{
  "strategy": {
    "alpha_ema": 0.9800660408555983,
    "clip": 0.7092746015049868,
    "lambda_": 0.027615029464749426,
    "regul": 0.21498217810117165
  }
}