{
  "optimizer": {
    "lr": 0.0031276889677958725
  },
  "strategy": {
    "alpha_ema": 0.15487396075546184,
    "regul": 0.002375334589368057
  }
}