{
  "optimizer": {
    "lr": 2.825942279411374e-05
  },
  "strategy": {
    "alpha_ema": 0.6028089599106293,
    "regul": 0.0053242534413507235
  }
}