{
  "optimizer": {
    "lr": 1.8331829286979037e-05
  },
  "strategy": {
    "alpha_ema": 0.18571096600567336,
    "regul": 0.0038380931041698627
  }
}