{
  "optimizer": {
    "lr": 0.021180022457166218
  },
  "strategy": {
    "alpha_ema": 0.1253560375930231,
    "regul": 0.010263371523828085,
    "regul_last": 0.06169911698379537
  }
}