{
  "optimizer": {
    "lr": 0.0013168399441415787
  },
  "strategy": {
    "alpha_ema": 0.11666201993311401,
    "regul": 1.5356297246396195e-05
  }
}