{
  "optimizer": {
    "lr": 0.0036948853758001937
  },
  "strategy": {
    "alpha_ema": 0.6815469741577727,
    "lambda_": 0.9577530846251222,
    "regul": 0.03398486351781778
  }
}