{
  "optimizer": {
    "lr": 0.0003538596188968486
  },
  "strategy": {
    "alpha_ema": 0.4024920429389762,
    "regul": 0.00011733751808170424
  }
}