{
  "optimizer": {
    "lr": 0.00044165457459032664
  },
  "strategy": {
    "regul": 0.05275328582186137
  }
}