{
  "strategy": {
    "alpha_ema": 0.15254433309954452,
    "alpha_ema_last": 0.04388331756593601,
    "clip": 0.23537463821276763,
    "lambda_": 0.02782410356444138,
    "regul": 0.0008456722223306131,
    "regul_last": 0.00036513821978540384
  }
}