{
  "optimizer": {
    "lr": 1.3503752116889998e-05
  },
  "strategy": {
    "alpha_ema": 0.35328858324855905,
    "regul": 0.00011412830780809482
  }
}