{
  "optimizer": {
    "lr": 0.0001429130907353148
  },
  "strategy": {
    "alpha_ema": 0.4633434050243632,
    "regul": 0.00021682319035820752
  }
}