{
  "optimizer": {
    "lr": 0.0024346700818097954
  },
  "strategy": {
    "alpha_ema": 0.3835577548841411,
    "regul": 0.00032391936415437873
  }
}