{
  "optimizer": {
    "lr": 0.0005521052544301318
  },
  "strategy": {
    "alpha_ema": 0.13243234169028223,
    "regul": 0.0011534037516657148
  }
}