{
  "optimizer": {
    "lr": 0.0060522357757717676
  },
  "strategy": {
    "alpha_ema": 0.05933839528164131,
    "regul": 0.0008222646106152958
  }
}