{
  "optimizer": {
    "lr": 0.0001447773690287401
  },
  "strategy": {
    "alpha_ema": 0.011557716985917572,
    "regul": 0.0018481443380813384
  }
}