{
  "optimizer": {
    "lr": 3.194839461478365e-05
  },
  "strategy": {
    "alpha_ema": 0.013884454926348913,
    "regul": 0.00011547744106853588
  }
}