{
  "optimizer": {
    "lr": 0.0020968559187086763
  },
  "strategy": {
    "alpha_ema": 0.06210199306154093,
    "regul": 0.021996642535746683
  }
}