{
  "optimizer": {
    "lr": 0.00043887488830715566
  },
  "strategy": {
    "alpha_ema": 0.32930147131907006,
    "alpha_ema_last": 0.16441359090819055,
    "clip": 1196.57813617155,
    "lambda_": 0.011559992599365871,
    "regul": 0.09483539985640885,
    "regul_last": 0.006045503474492681
  }
}