{
  "optimizer": {
    "lr": 4.094754086254792e-05
  },
  "strategy": {
    "alpha_ema": 0.45272041733945834,
    "regul": 0.008362899074624928
  }
}