{
  "optimizer": {
    "lr": 1.548414711314329e-05
  },
  "strategy": {
    "alpha_ema": 0.058279141338801986,
    "alpha_ema_last": 0.44826493920569893,
    "clip": 8.4676895810612,
    "lambda_": 12.608770606349614,
    "regul": 0.0007303744972635847,
    "regul_last": 0.0025486552672639128
  }
}