{
  "optimizer": {
    "lr": 0.026137812857228646
  },
  "strategy": {
    "alpha_ema": 0.01575715399879988,
    "lambda_": 0.14664690670559027,
    "regul": 0.015349314778735442
  }
}