{
  "optimizer": {
    "lr": 8.608196638250701e-05
  },
  "strategy": {
    "alpha_ema": 0.08954674508010005,
    "alpha_ema_last": 0.8504045932133543,
    "clip": 62.34773045585966,
    "lambda_": 0.6344218761116741,
    "regul": 0.0013265894545242414,
    "regul_last": 0.9690814509096752
  }
}