{
  "optimizer": {
    "lr": 0.006828369989574878
  },
  "strategy": {
    "alpha_ema": 0.04564925556039435,
    "regul": 6.260820144193042e-05
  }
}