{
  "optimizer": {
    "lr": 0.0003436898960982037
  },
  "strategy": {
    "alpha_ema": 0.16334076887440488,
    "regul": 0.002215516975561016
  }
}