{
  "optimizer": {
    "lr": 0.004398563308513609
  },
  "strategy": {
    "alpha_ema": 0.33065039770220894,
    "regul": 0.0001326380792302718
  }
}