{
  "optimizer": {
    "lr": 0.0017718300065323526
  },
  "strategy": {
    "alpha_ema": 0.028133260206877172,
    "lambda_": 0.019957154179243385,
    "regul": 0.0010103720937342893
  }
}