{
  "optimizer": {
    "lr": 0.06131192691083598
  },
  "strategy": {
    "alpha_ema": 0.12381804419010789,
    "regul": 2.956992480557615e-05
  }
}