{
  "optimizer": {
    "lr": 1.1049883261861077e-05
  },
  "strategy": {
    "alpha_ema": 0.5475571581907248,
    "regul": 0.026679281142061115
  }
}