{
  "optimizer": {
    "lr": 0.01241752607386036
  },
  "strategy": {
    "alpha_ema": 0.525290871184854,
    "regul": 8.272299111021122e-05
  }
}