{
  "optimizer": {
    "lr": 0.000585839450291827
  },
  "strategy": {
    "alpha_ema": 0.05196748448619533,
    "alpha_ema_last": 0.10425786862515146,
    "clip": 464.4685963724402,
    "lambda_": 0.011423957359364568,
    "regul": 0.0004039029245792463,
    "regul_last": 0.002418775151781948
  }
}