{
  "optimizer": {
    "lr": 0.0017922250982237997
  },
  "strategy": {
    "alpha_ema": 0.314632983872414,
    "regul": 0.0003006239944158231
  }
}