{
  "optimizer": {
    "lr": 0.0006175210367142345
  },
  "strategy": {
    "alpha_ema": 0.30910659887282044,
    "regul": 0.0864643023476993
  }
}