{
  "optimizer": {
    "lr": 0.0008914034801670152
  },
  "strategy": {
    "alpha_ema": 0.03618802539890537,
    "regul": 5.5399496384165626e-05
  }
}