{
  "optimizer": {
    "lr": 0.000838377266978963
  },
  "strategy": {
    "alpha_ema": 0.11444627526408907,
    "regul": 0.0001898347445682991
  }
}