{
  "strategy": {
    "alpha_ema": 0.04910002277106082,
    "clip": 0.18095299721103417,
    "lambda_": 1.368748058350745,
    "regul": 0.0011797340457146259
  }
}