{
  "optimizer": {
    "lr": 0.00011290093652751417
  },
  "strategy": {
    "regul": 0.010885726684468763
  }
}