{
  "optimizer": {
    "lr": 2.9528220719280078e-05
  },
  "strategy": {
    "alpha_ema": 0.034008425411013975,
    "lambda_": 5.6190566925970975,
    "regul": 0.0005413242598210248
  }
}