{
  "optimizer": {
    "lr": 0.0012960928583307274
  },
  "strategy": {
    "alpha_ema": 0.010284916680543203,
    "regul": 0.00409290587394252
  }
}