{
  "optimizer": {
    "lr": 0.00023870788638666386
  },
  "strategy": {
    "regul": 1.054700012222217e-05
  }
}