{
  "optimizer": {
    "lr": 0.002201047745087446
  },
  "strategy": {
    "alpha_ema": 0.23784205687422164,
    "regul": 0.008587737000834691
  }
}