{
  "optimizer": {
    "lr": 0.009133589815723276
  },
  "strategy": {
    "alpha_ema": 0.18942689358954723,
    "regul": 0.000311345671196962
  }
}