{
  "optimizer": {
    "lr": 3.4689705090261004e-05
  },
  "strategy": {
    "alpha_ema": 0.15644265979244099,
    "regul": 0.037876614622168965
  }
}