{
  "optimizer": {
    "lr": 0.0004946772630314179
  },
  "strategy": {
    "alpha_ema": 0.0986139666498945,
    "regul": 1.0845450617589958e-05
  }
}