{
  "optimizer": {
    "lr": 0.00012270365887064464
  },
  "strategy": {
    "regul": 0.038256844579060284
  }
}