{
  "optimizer": {
    "lr": 0.0009102820800966872
  },
  "strategy": {
    "alpha_ema": 0.11709296934919339,
    "alpha_ema_last": 0.06813334962304306,
    "clip": 9391.428667458946,
    "lambda_": 28.007859273867005,
    "regul": 0.00017325238938461368,
    "regul_last": 0.00022929948044920126
  }
}