{
  "optimizer": {
    "lr": 0.00015388522458708253
  },
  "strategy": {
    "alpha_ema": 0.014970502719477684,
    "regul": 0.0002719506455832006
  }
}