{
  "optimizer": {
    "lr": 0.003019472428667901
  },
  "strategy": {
    "alpha_ema": 0.12434560524848871,
    "regul": 0.01672952978166909
  }
}