{
  "optimizer": {
    "lr": 2.876439434804112e-05
  },
  "strategy": {
    "alpha_ema": 0.236940574010777,
    "regul": 0.0006475606324480648,
    "regul_last": 0.00022384393524916345
  }
}