{
  "optimizer": {
    "lr": 0.004042952707158083
  },
  "strategy": {
    "alpha_ema": 0.016946251158181328,
    "regul": 0.09945983829374132,
    "regul_last": 0.00019022837442714675
  }
}