{
  "optimizer": {
    "lr": 0.00046841237819718714
  },
  "strategy": {
    "alpha_ema": 0.020270623336273573,
    "alpha_ema_last": 0.028504560778265305,
    "clip": 55404.39693665276,
    "lambda_": 0.06075953493264247,
    "regul": 0.0031255305994153043,
    "regul_last": 0.00058823374393525
  }
}