{
  "optimizer": {
    "lr": 0.0003049393926537875
  },
  "strategy": {
    "regul": 0.0024125635971551126
  }
}