{
  "strategy": {
    "alpha_ema": 0.029206416487760303,
    "clip": 1.8900814216730477,
    "lambda_": 0.19449570988692555,
    "regul": 0.05744017144050457
  }
}