{
  "optimizer": {
    "lr": 0.00012930359458998396
  },
  "strategy": {
    "alpha_ema": 0.10615901189491819,
    "regul": 0.0005654553889556274
  }
}