{
  "optimizer": {
    "lr": 0.00012297810357171364
  },
  "strategy": {
    "alpha_ema": 0.010020075561576573,
    "regul": 2.3179276646871314e-05
  }
}