{
  "optimizer": {
    "lr": 0.0003365320817721503
  },
  "strategy": {
    "regul": 0.023351419457919655
  }
}