{
  "optimizer": {
    "lr": 0.09449330893222305
  },
  "strategy": {
    "alpha_ema": 0.2621822287372651,
    "regul": 0.00022446601733769694,
    "regul_last": 0.0003545923488599799
  }
}