{
  "optimizer": {
    "lr": 0.014816609644576964
  },
  "strategy": {
    "alpha_ema": 0.010005468086792823,
    "regul": 0.049782774782433786
  }
}