{
  "optimizer": {
    "lr": 0.00501403431065201
  },
  "strategy": {
    "alpha_ema": 0.07807410755401928,
    "regul": 2.508783295468992e-05
  }
}