{
  "optimizer": {
    "lr": 0.00048605638312280546
  },
  "strategy": {
    "alpha_ema": 0.0138033584424411,
    "regul": 0.00016801405736999156
  }
}