{
  "optimizer": {
    "lr": 0.0025265776801259247
  },
  "strategy": {
    "alpha_ema": 0.040532551447418165,
    "regul": 0.00037833264775982613
  }
}