{
  "optimizer": {
    "lr": 0.0004133705978887729
  },
  "strategy": {
    "alpha_ema": 0.09975780724390264,
    "regul": 8.203537864035702e-05
  }
}