{
  "optimizer": {
    "lr": 0.0026240784719888883
  },
  "strategy": {
    "alpha_ema": 0.035793174879154656,
    "regul": 2.2788580458773366e-05
  }
}