{
  "optimizer": {
    "lr": 0.0004189846639067257
  },
  "strategy": {
    "alpha_ema": 0.585665192689485,
    "regul": 4.0254893853304414e-05
  }
}