{
  "optimizer": {
    "lr": 0.005959363560057637
  },
  "strategy": {
    "alpha_ema": 0.0338299340360035,
    "regul": 0.004711065499365149
  }
}