{
  "optimizer": {
    "lr": 0.0007278133636978022
  },
  "strategy": {
    "alpha_ema": 0.015227780659411631,
    "regul": 0.00016696198607063116
  }
}