{
  "optimizer": {
    "lr": 0.0002503005289607168
  },
  "strategy": {
    "regul": 0.003161389073057332
  }
}