{
  "optimizer": {
    "lr": 0.0004395786629572619
  },
  "strategy": {
    "alpha_ema": 0.5593461452659911,
    "regul": 0.00026786698831154985,
    "regul_last": 0.00010529760520466631
  }
}