{
  "optimizer": {
    "lr": 0.0004067027158696309
  },
  "strategy": {
    "regul": 0.02191654243913811
  }
}