{
  "optimizer": {
    "lr": 0.0028979229544619793
  },
  "strategy": {
    "alpha_ema": 0.278547165350502,
    "regul": 0.003266206163948833
  }
}