{
  "optimizer": {
    "lr": 0.004827710929916941
  },
  "strategy": {
    "alpha_ema": 0.03190779866199836,
    "regul": 0.013321782333794753,
    "regul_last": 0.9368496008372932
  }
}