{
  "optimizer": {
    "lr": 1.2453333999962e-05
  },
  "strategy": {
    "alpha_ema": 0.19603903478394857,
    "regul": 2.2639803311020725e-05
  }
}