{
  "optimizer": {
    "lr": 0.008718562215599523
  },
  "strategy": {
    "alpha_ema": 0.33638826255271803,
    "lambda_": 0.3769759541895009,
    "regul": 1.0127776565590498e-05
  }
}