{
  "optimizer": {
    "lr": 1.6554129793832008e-05
  },
  "strategy": {
    "alpha_ema": 0.027191307959767565,
    "regul": 3.508117916264552e-05
  }
}