{
  "optimizer": {
    "lr": 0.07924799993456558
  },
  "strategy": {
    "alpha_ema": 0.03796327566326254,
    "alpha_ema_last": 0.012488553777115734,
    "clip": 283.8702806933361,
    "lambda_": 0.15808971912418887,
    "regul": 0.00028521353562819624,
    "regul_last": 0.24512517558192468
  }
}