{
  "optimizer": {
    "lr": 0.0014707674281124693
  },
  "strategy": {
    "alpha_ema": 0.010051895024003698,
    "lambda_": 0.013129210086315646,
    "regul": 0.05109904611323488
  }
}