{
  "optimizer": {
    "lr": 7.590888893700874e-05
  },
  "strategy": {
    "alpha_ema": 0.42953853799541475,
    "regul": 0.04097214256745088
  }
}