{
  "strategy": {
    "alpha_ema": 0.057140539768770496,
    "alpha_ema_last": 0.741977253467991,
    "clip": 0.15876929263506098,
    "lambda_": 5.059875599981234,
    "regul": 0.01631057442276766,
    "regul_last": 0.4642547062837961
  }
}