{
  "optimizer": {
    "lr": 9.322573593017524e-05
  },
  "strategy": {
    "alpha_ema": 0.2568690019821846,
    "regul": 0.011748655483262828
  }
}