{
  "optimizer": {
    "lr": 0.000202475198248507
  },
  "strategy": {
    "alpha_ema": 0.024322683855326148,
    "regul": 0.000746343855047558
  }
}