{
  "optimizer": {
    "lr": 0.062058948305838156
  },
  "strategy": {
    "alpha_ema": 0.012537492997022706,
    "regul": 0.045255067251534824
  }
}