{
  "optimizer": {
    "lr": 0.0010146229838971885
  },
  "strategy": {
    "alpha_ema": 0.1474597976778452,
    "regul": 0.0002637956027114641,
    "regul_last": 0.007286338998371995
  }
}