{
  "strategy": {
    "alpha_ema": 0.0822472757851243,
    "alpha_ema_last": 0.0632994212903184,
    "clip": 0.3443208861925843,
    "lambda_": 9.705226656619033,
    "regul": 0.026786725517090472,
    "regul_last": 0.017247396709941284
  }
}