{
  "optimizer": {
    "lr": 0.0010891333035852164
  },
  "strategy": {
    "alpha_ema": 0.840684727502419,
    "regul": 0.002356448192449904,
    "regul_last": 0.0001217043111834776
  }
}