{
  "optimizer": {
    "lr": 2.0494881539885862e-05
  },
  "strategy": {
    "regul": 0.61539227567276
  }
}