{
  "optimizer": {
    "lr": 0.009937302017466197
  },
  "strategy": {
    "alpha_ema": 0.2589598600720382,
    "regul": 0.01334501834337723
  }
}