{
  "optimizer": {
    "lr": 0.0018262224265194233
  },
  "strategy": {
    "alpha_ema": 0.021938021355228984,
    "regul": 0.042115761694373643
  }
}