{
  "optimizer": {
    "lr": 0.0004913260834119985
  },
  "strategy": {
    "alpha_ema": 0.046234262829369474,
    "regul": 0.00013787468655745345
  }
}