{
  "optimizer": {
    "lr": 0.0012655143139985142
  },
  "strategy": {
    "alpha_ema": 0.435581624159589,
    "regul": 1.0098426329750974e-05
  }
}