{
  "optimizer": {
    "lr": 0.008628337167346319
  },
  "strategy": {
    "alpha_ema": 0.05417424168727058,
    "regul": 0.00011827997899271392
  }
}