{
  "strategy": {
    "alpha_ema": 0.7403034641627091,
    "clip": 3.5216382135064466,
    "lambda_": 1.9566831826274251,
    "regul": 0.3121099065919708
  }
}