{
  "optimizer": {
    "lr": 2.832453332527544e-05
  },
  "strategy": {
    "regul": 0.09190451532917106
  }
}