{
  "optimizer": {
    "lr": 0.021903341399923153
  },
  "strategy": {
    "alpha_ema": 0.027680116760349188,
    "regul": 5.53175349074511e-05,
    "regul_last": 0.005153798427181452
  }
}