{
  "optimizer": {
    "lr": 0.0019952988259345538
  },
  "strategy": {
    "alpha_ema": 0.09714751306145858,
    "regul": 1.5390794471961468e-05
  }
}