{
  "strategy": {
    "alpha_ema": 0.37497681783426906,
    "clip": 0.17293221126438235,
    "lambda_": 0.183090147309754,
    "regul": 0.9584740012930596
  }
}