{
  "optimizer": {
    "lr": 0.00012269408613020465
  },
  "strategy": {
    "alpha_ema": 0.05610265223769654,
    "regul": 1.8988638975788925e-05
  }
}