{
  "optimizer": {
    "lr": 0.0009580443623098485
  },
  "strategy": {
    "alpha_ema": 0.07505724703916249,
    "regul": 5.374700965526099e-05
  }
}