{
  "optimizer": {
    "lr": 0.00019212382333095982
  },
  "strategy": {
    "alpha_ema": 0.6234739375937154,
    "alpha_ema_last": 0.22216355680595062,
    "regul": 0.0007571033942916464
  }
}