{
  "optimizer": {
    "lr": 0.0005503301974212555
  },
  "strategy": {
    "alpha_ema": 0.7453903530907463,
    "alpha_ema_last": 0.3748661684067333,
    "regul": 0.00039558492274528604
  }
}