{
  "optimizer": {
    "lr": 0.0021799674010677794
  },
  "strategy": {
    "alpha_ema": 0.8865659876727774,
    "regul": 0.015801205922554174
  }
}