{
  "optimizer": {
    "lr": 0.0006516951903782183
  },
  "strategy": {
    "alpha_ema": 0.2443916838897421,
    "regul": 0.006670486544787623
  }
}