{
  "optimizer": {
    "lr": 4.7127011402987995e-05
  },
  "strategy": {
    "alpha_ema": 0.14471087409309696,
    "alpha_ema_last": 0.011571019331347774,
    "clip": 6896.43239851362,
    "lambda_": 0.18867797048987425,
    "regul": 0.007921318413303562,
    "regul_last": 0.012237235091454659
  }
}