{
  "optimizer": {
    "lr": 0.0004787094551662631
  },
  "strategy": {
    "alpha_ema": 0.2724919240292897,
    "lambda_": 8.867401452704764,
    "regul": 0.0003941725795180312
  }
}