{
  "optimizer": {
    "lr": 0.011727412120779167
  },
  "strategy": {
    "alpha_ema": 0.5634077900059461,
    "regul": 0.0004541694643360821,
    "regul_last": 0.0007393324592202403
  }
}