{
  "optimizer": {
    "lr": 0.00023576184632698212
  },
  "strategy": {
    "alpha_ema": 0.053414694737741235,
    "lambda_": 0.01016969885534241,
    "regul": 0.078574469607357
  }
}