{
  "optimizer": {
    "lr": 0.0016698548853426522
  },
  "strategy": {
    "alpha_ema": 0.02422108950008,
    "regul": 0.011500483947172286
  }
}