{
  "optimizer": {
    "lr": 3.9177841429908484e-05
  },
  "strategy": {
    "alpha_ema": 0.06541837176444752,
    "regul": 7.537876966244922e-05
  }
}