{
  "strategy": {
    "alpha_ema": 0.13140092208584084,
    "alpha_ema_last": 0.30659463421042726,
    "clip": 0.785799888508413,
    "lambda_": 1.095452099875101,
    "regul": 0.0018138005854810195,
    "regul_last": 0.0014342773599307433
  }
}