{
  "strategy": {
    "alpha_ema": 0.3801559729864539,
    "clip": 0.11221487941446018,
    "lambda_": 0.2896733532255024,
    "regul": 0.29870683246084084
  }
}