{
  "optimizer": {
    "lr": 1.4941706357900608e-05
  },
  "strategy": {
    "regul": 0.004858449880800035
  }
}