{
  "optimizer": {
    "lr": 0.004828464724447051
  },
  "strategy": {
    "alpha_ema": 0.06530801037016988,
    "regul": 1.0093182358597171e-05
  }
}