{
  "optimizer": {
    "lr": 0.0001648847689772561
  },
  "strategy": {
    "alpha_ema": 0.29172873559283047,
    "regul": 1.4270482317869372e-05
  }
}