{
  "strategy": {
    "alpha_ema": 0.23010448891713892,
    "clip": 1.1792864555844131,
    "lambda_": 1.030806907745851,
    "regul": 0.6137848008626265
  }
}