{
  "optimizer": {
    "lr": 0.00012499681034753397
  },
  "strategy": {
    "alpha_ema": 0.0337957472653481,
    "regul": 0.05178329727845978
  }
}