{
  "optimizer": {
    "lr": 0.00038476754994160863
  },
  "strategy": {
    "alpha_ema": 0.41827792176385975,
    "regul": 0.0010169504329121113
  }
}