{
  "strategy": {
    "alpha_ema": 0.11137813820907373,
    "alpha_ema_last": 0.541094981233722,
    "clip": 6.469568050226467,
    "lambda_": 0.34908678832559537,
    "regul": 0.0008665200712747983,
    "regul_last": 0.03365622873199444
  }
}