{
  "optimizer": {
    "lr": 0.004466510090107715
  },
  "strategy": {
    "alpha_ema": 0.03962525188985689,
    "regul": 0.0012197938726331086
  }
}