{
  "optimizer": {
    "lr": 0.00040409127398637594
  },
  "strategy": {
    "alpha_ema": 0.05207657585282947,
    "regul": 6.314378206195427e-05
  }
}