{
  "optimizer": {
    "lr": 0.00026901814292627443
  },
  "strategy": {
    "alpha_ema": 0.5934351469546418,
    "alpha_ema_last": 0.05405616763988291,
    "regul": 0.0002683938679623611
  }
}