{
  "optimizer": {
    "lr": 0.0802494443902999
  },
  "strategy": {
    "alpha_ema": 0.10385976883146598,
    "lambda_": 0.452130451590348,
    "regul": 0.012624052212276379
  }
}