{
  "optimizer": {
    "lr": 0.003068752722369506
  },
  "strategy": {
    "alpha_ema": 0.01036429902396528,
    "regul": 0.00027835050991348873
  }
}