{
  "strategy": {
    "alpha_ema": 0.13170503487687066,
    "clip": 2.847192370790174,
    "lambda_": 5.36329930056995,
    "regul": 0.009401084570004473
  }
}