{
  "optimizer": {
    "lr": 0.005567418105515577
  },
  "strategy": {
    "alpha_ema": 0.013529246559078082,
    "regul": 0.025283470023158082,
    "regul_last": 0.057663404874043464
  }
}