{
  "optimizer": {
    "lr": 0.0034990081044881487
  },
  "strategy": {
    "alpha_ema": 0.3136545391278463,
    "regul": 0.027759888274956797
  }
}