{
  "strategy": {
    "alpha_ema": 0.25306023042685966,
    "clip": 3.1705514651239275,
    "lambda_": 2.0313794561342418,
    "regul": 0.13386264983180118
  }
}