{
  "optimizer": {
    "lr": 0.00022091051675586084
  },
  "strategy": {
    "alpha_ema": 0.35257492687977066,
    "regul": 0.0013791669496704187
  }
}