{
  "optimizer": {
    "lr": 0.0009891052101918263
  },
  "strategy": {
    "alpha_ema": 0.04736974728926959,
    "regul": 0.06254981637943395
  }
}