{
  "optimizer": {
    "lr": 0.0013599115156323368
  },
  "strategy": {
    "regul": 0.0017352357261852464
  }
}