{
  "optimizer": {
    "lr": 0.003287893788706663
  },
  "strategy": {
    "alpha_ema": 0.03906190678417603,
    "lambda_": 0.06882817278324109,
    "regul": 0.0003451090281775614
  }
}