{
  "optimizer": {
    "lr": 0.00044229723414654116
  },
  "strategy": {
    "alpha_ema": 0.03890161980045807,
    "regul": 4.535633550737119e-05
  }
}