{
  "strategy": {
    "alpha_ema": 0.22894188965813894,
    "clip": 0.16792618096287973,
    "lambda_": 2.3264694822200207,
    "regul": 0.9570447186057998
  }
}