{
  "optimizer": {
    "lr": 0.0001260021344353809
  },
  "strategy": {
    "alpha_ema": 0.053487114905193124,
    "lambda_": 0.14334592340212093,
    "regul": 0.021365194381979508
  }
}