{
  "optimizer": {
    "lr": 0.0011752818235889965
  },
  "strategy": {
    "regul": 0.03458905167382123
  }
}