{
  "optimizer": {
    "lr": 0.00020999885555859278
  },
  "strategy": {
    "alpha_ema": 0.02432372862477808,
    "regul": 1.5465571569859705e-05
  }
}