{
  "optimizer": {
    "lr": 0.015365037624738386
  },
  "strategy": {
    "regul": 0.003151709259014437
  }
}