{
  "optimizer": {
    "lr": 0.007901384747658571
  },
  "strategy": {
    "alpha_ema": 0.2985280257621522,
    "regul": 0.005879796536413641
  }
}