{
  "strategy": {
    "alpha_ema": 0.7095877263423496,
    "alpha_ema_last": 0.031660262553412796,
    "clip": 0.865961697328315,
    "lambda_": 0.012703500403439878,
    "regul": 0.3049898663982579,
    "regul_last": 0.05800881730875124
  }
}