{
  "optimizer": {
    "lr": 0.004451484913581143
  },
  "strategy": {
    "regul": 0.001770468158671279
  }
}