{
  "optimizer": {
    "lr": 0.003327269906089019
  },
  "strategy": {
    "alpha_ema": 0.015826959246962355,
    "regul": 0.010878347588865654
  }
}