{
  "optimizer": {
    "lr": 0.00048823189105957605
  },
  "strategy": {
    "alpha_ema": 0.11066438420329797,
    "regul": 1.4207845965094164e-05
  }
}