{
  "strategy": {
    "alpha_ema": 0.05385818264848575,
    "alpha_ema_last": 0.19774941937489454,
    "clip": 0.4136422140348148,
    "lambda_": 0.9284056811678179,
    "regul": 0.0006513477752774415,
    "regul_last": 0.005046307654114374
  }
}