{
  "optimizer": {
    "lr": 0.0004265825748802846
  },
  "strategy": {
    "alpha_ema": 0.08337601984998314,
    "regul": 0.0006994360053526274
  }
}