{
  "optimizer": {
    "lr": 5.338741622312922e-05
  },
  "strategy": {
    "alpha_ema": 0.01888658035596856,
    "regul": 0.00042818027556475196
  }
}