{
  "optimizer": {
    "lr": 2.265327165066386e-05
  },
  "strategy": {
    "alpha_ema": 0.07682522560072633,
    "regul": 0.014309598894485258
  }
}