{
  "optimizer": {
    "lr": 2.7344021380398602e-05
  },
  "strategy": {
    "regul": 0.0702997065067996
  }
}