{
  "optimizer": {
    "lr": 0.000708163580707853
  },
  "strategy": {
    "alpha_ema": 0.048393537264589954,
    "regul": 0.00013816439224467522
  }
}