{
  "optimizer": {
    "lr": 0.0007692533474546998
  },
  "strategy": {
    "alpha_ema": 0.4132318483374857,
    "regul": 3.1105953864656906e-05
  }
}