{
  "optimizer": {
    "lr": 1.007377071264369e-05
  },
  "strategy": {
    "regul": 0.0037293501105460118
  }
}