{
  "optimizer": {
    "lr": 5.945374320320789e-05
  },
  "strategy": {
    "alpha_ema": 0.28427935077297334,
    "regul": 0.00015197098233334317,
    "regul_last": 0.0030656655716706795
  }
}