{
  "strategy": {
    "alpha_ema": 0.08668991218240105,
    "clip": 2.510560648737171,
    "lambda_": 0.03976185474860354,
    "regul": 0.18128277033405255
  }
}