{
  "optimizer": {
    "lr": 6.518961852431167e-05
  },
  "strategy": {
    "regul": 0.049913259242197444
  }
}