{
  "optimizer": {
    "lr": 1.939222649572367e-05
  },
  "strategy": {
    "alpha_ema": 0.030243467424956812,
    "regul": 0.006307156813566175
  }
}