{
  "optimizer": {
    "lr": 0.0009514500957798155
  },
  "strategy": {
    "alpha_ema": 0.08434909529382098,
    "regul": 8.274489642814252e-05
  }
}