{
  "optimizer": {
    "lr": 0.0004845093319925249
  },
  "strategy": {
    "alpha_ema": 0.7468205597960997,
    "regul": 0.025440319464768834
  }
}