{
  "optimizer": {
    "lr": 0.0008261065658043174
  },
  "strategy": {
    "alpha_ema": 0.07274071865796432,
    "regul": 0.00011376989764750394
  }
}