{
  "optimizer": {
    "lr": 0.0027837762510261113
  },
  "strategy": {
    "alpha_ema": 0.07696309586473236,
    "regul": 8.221132004093863e-05
  }
}