{
  "strategy": {
    "alpha_ema": 0.292921032302808,
    "clip": 3.0911490196920344,
    "lambda_": 0.07755064140405911,
    "regul": 0.07263150369508446
  }
}