{
  "optimizer": {
    "lr": 0.0029130711838504762
  },
  "strategy": {
    "regul": 0.35817971203347015
  }
}