{
  "optimizer": {
    "lr": 0.003363721168038622
  },
  "strategy": {
    "regul": 0.0047255847439582575
  }
}