{
  "optimizer": {
    "lr": 0.0007773060009983991
  },
  "strategy": {
    "regul": 0.02384720199884937
  }
}