{
  "optimizer": {
    "lr": 0.0015031931880945069
  },
  "strategy": {
    "regul": 0.007547667037610718
  }
}