{
  "optimizer": {
    "lr": 0.00019327342681107587
  },
  "strategy": {
    "alpha_ema": 0.249224268037734,
    "regul": 2.0640053883372735e-05
  }
}