{
  "optimizer": {
    "lr": 0.0006805205488092912
  },
  "strategy": {
    "alpha_ema": 0.1555466828978743,
    "regul": 0.0026403034666133557,
    "regul_last": 0.20273581677619892
  }
}