{
  "optimizer": {
    "lr": 0.00033997481800069994
  },
  "strategy": {
    "alpha_ema": 0.09285763249819534,
    "regul": 0.0007115967035749591
  }
}