{
  "optimizer": {
    "lr": 0.010147808726424299
  },
  "strategy": {
    "alpha_ema": 0.6567757618342365,
    "regul": 1.9752435790320686e-05
  }
}