{
  "optimizer": {
    "lr": 0.0005293423248261288
  },
  "strategy": {
    "regul": 0.7253980148070286
  }
}