{
  "optimizer": {
    "lr": 0.022973508653852455
  },
  "strategy": {
    "alpha_ema": 0.661419313716316,
    "regul": 1.903291912275651e-05
  }
}