{
  "optimizer": {
    "lr": 0.010980083836892453
  },
  "strategy": {
    "alpha_ema": 0.26101763256017463,
    "regul": 0.000689903014111789
  }
}