{
  "optimizer": {
    "lr": 3.544259161092338e-05
  },
  "strategy": {
    "alpha_ema": 0.010661270192812693,
    "regul": 0.0007357091351726226
  }
}