{
  "optimizer": {
    "lr": 9.948112938120732e-05
  },
  "strategy": {
    "alpha_ema": 0.06275499818906266,
    "regul": 0.00015935768192114412
  }
}