{
  "optimizer": {
    "lr": 0.0575132903309758
  },
  "strategy": {
    "regul": 0.020684543860316703
  }
}