{
  "optimizer": {
    "lr": 0.0027097767396338872
  },
  "strategy": {
    "alpha_ema": 0.09216430052922195,
    "regul": 0.01309408400929644
  }
}