{
  "strategy": {
    "alpha_ema": 0.04609657089991854,
    "alpha_ema_last": 0.1949524828340169,
    "clip": 0.2502920414679084,
    "lambda_": 1.246847365018445,
    "regul": 0.0043957192106878415,
    "regul_last": 0.000486629119394327
  }
}