{
  "optimizer": {
    "lr": 3.320549690919997e-05
  },
  "strategy": {
    "alpha_ema": 0.015088323880045293,
    "regul": 0.0016791844228392968
  }
}