{
  "optimizer": {
    "lr": 0.0003939273773941188
  },
  "strategy": {
    "alpha_ema": 0.4938226668677394,
    "lambda_": 2.691700754472789,
    "regul": 0.02498412348810406
  }
}