{
  "optimizer": {
    "lr": 0.01952619017186657
  },
  "strategy": {
    "alpha_ema": 0.23242290556654724,
    "regul": 0.003384696479545939
  }
}