{
  "optimizer": {
    "lr": 2.171277480955559e-05
  },
  "strategy": {
    "alpha_ema": 0.21957998714876537,
    "regul": 0.0005888610244539843
  }
}