{
  "optimizer": {
    "lr": 0.00059246501519147
  },
  "strategy": {
    "alpha_ema": 0.030575373157615642,
    "regul": 0.00021585026710509123
  }
}