{
  "optimizer": {
    "lr": 0.00019283452560342842
  },
  "strategy": {
    "alpha_ema": 0.3617810282174662,
    "alpha_ema_last": 0.24128706503096323,
    "regul": 0.0005815966603455062
  }
}