{
  "optimizer": {
    "lr": 0.0004963243650652206
  },
  "strategy": {
    "alpha_ema": 0.012485002610256993,
    "regul": 1.064381476300718e-05
  }
}