{
  "strategy": {
    "alpha_ema": 0.22845415100623237,
    "clip": 0.680666262597739,
    "lambda_": 5.24249297516045,
    "regul": 0.0004540770423242403
  }
}