{
  "optimizer": {
    "lr": 0.0026277136547759863
  },
  "strategy": {
    "alpha_ema": 0.03842979049603163,
    "regul": 1.4971110758686481e-05
  }
}