{
  "optimizer": {
    "lr": 0.06955241097621953
  },
  "strategy": {
    "alpha_ema": 0.07435328947658698,
    "regul": 0.00011506802647345092
  }
}