{
  "optimizer": {
    "lr": 0.0822222427507008
  },
  "strategy": {
    "alpha_ema": 0.14918435001098357,
    "lambda_": 3.0473838954270303,
    "regul": 0.00022128513165027482
  }
}