{
  "strategy": {
    "alpha_ema": 0.11958600411922911,
    "alpha_ema_last": 0.1712509550347625,
    "clip": 0.6729401272156964,
    "lambda_": 9.738057360055118,
    "regul": 0.0024823969919041174,
    "regul_last": 0.007761784538165541
  }
}