{
  "optimizer": {
    "lr": 0.01050833830839446
  },
  "strategy": {
    "alpha_ema": 0.012706362931101122,
    "regul": 0.004128502962385172
  }
}