{
  "optimizer": {
    "lr": 0.00029949327123507304
  },
  "strategy": {
    "alpha_ema": 0.29096432090642876,
    "alpha_ema_last": 0.05259807913142193,
    "clip": 11319.877963416957,
    "lambda_": 0.07366130511244935,
    "regul": 0.012247751579336457,
    "regul_last": 0.000136268607274071
  }
}