{
  "strategy": {
    "alpha_ema": 0.11874619970800299,
    "clip": 0.5742969135301794,
    "lambda_": 5.7351630007066134,
    "regul": 0.024380929344683673
  }
}