{
  "optimizer": {
    "lr": 0.00014573166924420917
  },
  "strategy": {
    "alpha_ema": 0.28333912613997414,
    "lambda_": 0.41069948590295197,
    "regul": 3.737653089107164e-05
  }
}