{
  "optimizer": {
    "lr": 0.0005466581355510693
  },
  "strategy": {
    "alpha_ema": 0.42555812569277246,
    "alpha_ema_last": 0.07969426215754613,
    "clip": 330.85639774934094,
    "lambda_": 0.13800055500203834,
    "regul": 0.0010072977661041663,
    "regul_last": 0.0001964909581396943
  }
}