{
  "optimizer": {
    "lr": 0.0003827423655198393
  },
  "strategy": {
    "alpha_ema": 0.010113737797170041,
    "regul": 0.000635892757882121
  }
}