{
  "optimizer": {
    "lr": 6.174758587497237e-05
  },
  "strategy": {
    "alpha_ema": 0.09448255617756864,
    "regul": 0.002567427724534378
  }
}