{
  "optimizer": {
    "lr": 0.0035589937872425
  },
  "strategy": {
    "regul": 0.014011795110773398
  }
}