{
  "optimizer": {
    "lr": 0.0031639753279860366
  },
  "strategy": {
    "alpha_ema": 0.04883839860952885,
    "regul": 1.7091950431002468e-05,
    "regul_last": 0.013413896107966266
  }
}