{
  "optimizer": {
    "lr": 3.6656932574554515e-05
  },
  "strategy": {
    "regul": 0.009986082037325868
  }
}