{
  "optimizer": {
    "lr": 3.361942274699882e-05
  },
  "strategy": {
    "alpha_ema": 0.04896470651765697,
    "regul": 0.001739084714444629
  }
}