{
  "optimizer": {
    "lr": 5.534606841343601e-05
  },
  "strategy": {
    "regul": 0.0011057447342931906
  }
}