{
  "optimizer": {
    "lr": 0.0003606480940068923
  },
  "strategy": {
    "alpha_ema": 0.020772837784834845,
    "lambda_": 1.3368011194024056,
    "regul": 1.2617485725294817e-05
  }
}