{
  "optimizer": {
    "lr": 4.587565975034902e-05
  },
  "strategy": {
    "alpha_ema": 0.9432568848818295,
    "regul": 0.00014905516581265575
  }
}