{
  "optimizer": {
    "lr": 0.0005265185502733694
  },
  "strategy": {
    "alpha_ema": 0.13071494974874687,
    "regul": 0.00019524995410882058
  }
}