{
  "optimizer": {
    "lr": 7.304551280583245e-05
  },
  "strategy": {
    "alpha_ema": 0.018839579015978117,
    "lambda_": 0.01023004646584439,
    "regul": 0.0003025730148814498
  }
}