{
  "optimizer": {
    "lr": 0.05739630804228298
  },
  "strategy": {
    "alpha_ema": 0.03827816821872585,
    "regul": 0.008782346517106939
  }
}