{
  "optimizer": {
    "lr": 0.0001016716147341725
  },
  "strategy": {
    "alpha_ema": 0.13104331764519744,
    "regul": 0.00041250194353378367,
    "regul_last": 0.022194735779900908
  }
}