{
  "strategy": {
    "alpha_ema": 0.5465481375829283,
    "clip": 0.29826574036971726,
    "lambda_": 4.242216140709144,
    "regul": 0.02608049664041678
  }
}