{
  "optimizer": {
    "lr": 0.017760282670512075
  },
  "strategy": {
    "alpha_ema": 0.020201836178796298,
    "regul": 0.002888567189649455
  }
}