{
  "optimizer": {
    "lr": 1.3842095844068133e-05
  },
  "strategy": {
    "alpha_ema": 0.33370498226996287,
    "regul": 0.0012058410588874219
  }
}