{
  "optimizer": {
    "lr": 0.002313127844283895
  },
  "strategy": {
    "alpha_ema": 0.4279129276875541,
    "lambda_": 0.13935294016407798,
    "regul": 0.00010149972012771141
  }
}