{
  "optimizer": {
    "lr": 0.0003354010959119002
  },
  "strategy": {
    "alpha_ema": 0.07763865465446779,
    "alpha_ema_last": 0.016016032786946736,
    "clip": 14354.334937383423,
    "lambda_": 0.37204930383321116,
    "regul": 0.005477959020388295,
    "regul_last": 0.004739297033532608
  }
}