{
  "optimizer": {
    "lr": 0.014138110425424767
  },
  "strategy": {
    "alpha_ema": 0.0798689983841166,
    "regul": 0.0008416002045927529
  }
}