{
  "strategy": {
    "alpha_ema": 0.5948076287736243,
    "alpha_ema_last": 0.01959375354429692,
    "clip": 0.5243845476681264,
    "lambda_": 2.69230797123662,
    "regul": 0.0024491723216093432,
    "regul_last": 0.0008256716938532975
  }
}