{
  "optimizer": {
    "lr": 0.0020383660992108294
  },
  "strategy": {
    "alpha_ema": 0.7941567738481546,
    "regul": 0.0004266445328477134
  }
}