{
  "strategy": {
    "alpha_ema": 0.046350638016452145,
    "clip": 2.32749166552137,
    "lambda_": 0.12701478617060588,
    "regul": 0.949550959638383
  }
}