{
  "strategy": {
    "alpha_ema": 0.012357260181522898,
    "clip": 2.8817691002109305,
    "lambda_": 0.149973402407978,
    "regul": 0.0004455574555150431
  }
}