{
  "optimizer": {
    "lr": 0.00012043219415558824
  },
  "strategy": {
    "alpha_ema": 0.2465509283115072,
    "regul": 0.05268815311753896
  }
}