{
  "optimizer": {
    "lr": 0.005009979198352957
  },
  "strategy": {
    "alpha_ema": 0.0364973801943608,
    "regul": 0.00013237109524775792
  }
}