{
  "optimizer": {
    "lr": 0.003727907444708788
  },
  "strategy": {
    "alpha_ema": 0.028899192437023227,
    "regul": 0.0004615253594810334
  }
}