{
  "optimizer": {
    "lr": 0.04716810155267627
  },
  "strategy": {
    "alpha_ema": 0.2890465449297971,
    "lambda_": 0.07240326736689093,
    "regul": 0.16139374306083226
  }
}