{
  "optimizer": {
    "lr": 0.0018787142603215012
  },
  "strategy": {
    "alpha_ema": 0.3281975755562072,
    "regul": 0.0003366031288084982,
    "regul_last": 3.51527952296344e-05
  }
}