{
  "strategy": {
    "alpha_ema": 0.0974553211712245,
    "alpha_ema_last": 0.05059629612794728,
    "clip": 0.44153072640969604,
    "lambda_": 5.910742220257448,
    "regul": 0.012146086397713017,
    "regul_last": 0.02694433432962873
  }
}