{
  "optimizer": {
    "lr": 0.0002417790089746731
  },
  "strategy": {
    "alpha_ema": 0.09300031333875997,
    "regul": 4.907296457538142e-05
  }
}