{
  "optimizer": {
    "lr": 6.31499619275556e-05
  },
  "strategy": {
    "alpha_ema": 0.020524439404056898,
    "regul": 0.0003088324864405119
  }
}