{
  "optimizer": {
    "lr": 8.199808397277858e-05
  },
  "strategy": {
    "alpha_ema": 0.14490610828662526,
    "lambda_": 4.079983427076977,
    "regul": 0.02059257869448571
  }
}