{
  "optimizer": {
    "lr": 0.0006605224404213563
  },
  "strategy": {
    "alpha_ema": 0.6555501448184176,
    "regul": 0.01759604031994649
  }
}