{
  "optimizer": {
    "lr": 0.013916450160052269
  },
  "strategy": {
    "alpha_ema": 0.08288835727525642,
    "regul": 6.954698669988731e-05,
    "regul_last": 0.07093212558498621
  }
}