{
  "strategy": {
    "alpha_ema": 0.05395920315814893,
    "clip": 0.0638014795339896,
    "lambda_": 2.5163915204316822,
    "regul": 0.002636146538207621
  }
}