{
  "optimizer": {
    "lr": 0.0012695664077241645
  },
  "strategy": {
    "regul": 0.0018363466209551415
  }
}