{
  "optimizer": {
    "lr": 0.0006629681115312253
  },
  "strategy": {
    "alpha_ema": 0.022680795087899854,
    "regul": 0.0006783877588515143
  }
}