{
  "optimizer": {
    "lr": 0.022558680938466868
  },
  "strategy": {
    "alpha_ema": 0.1746297662507073,
    "regul": 9.691629596911805e-05
  }
}