{
  "optimizer": {
    "lr": 0.000436250640500507
  },
  "strategy": {
    "regul": 0.12522723999792842
  }
}