{
  "optimizer": {
    "lr": 0.0043498301600615845
  },
  "strategy": {
    "alpha_ema": 0.057186267637372765,
    "regul": 1.0341931332382062e-05,
    "regul_last": 0.06946619919525947
  }
}