{
  "optimizer": {
    "lr": 0.0002784521586448785
  },
  "strategy": {
    "alpha_ema": 0.06748081783383279,
    "alpha_ema_last": 0.0859892441202658,
    "clip": 7887.573691172215,
    "lambda_": 0.010518909264847187,
    "regul": 0.0007045571260617454,
    "regul_last": 0.001497418747567451
  }
}