{
  "optimizer": {
    "lr": 7.005825182197955e-05
  },
  "strategy": {
    "alpha_ema": 0.2969370085462813,
    "regul": 0.0014402387783631983
  }
}