{
  "optimizer": {
    "lr": 0.016809936164105064
  },
  "strategy": {
    "alpha_ema": 0.08359485330802874,
    "regul": 3.7507308185739954e-05
  }
}