{
  "optimizer": {
    "lr": 0.007123346640790843
  },
  "strategy": {
    "alpha_ema": 0.16992525119813648,
    "regul": 0.019307654419475663,
    "regul_last": 0.007246889668529296
  }
}