{
  "optimizer": {
    "lr": 0.0030645871047655696
  },
  "strategy": {
    "regul": 0.07731628956539857
  }
}