{
  "optimizer": {
    "lr": 0.0016355030344455926
  },
  "strategy": {
    "alpha_ema": 0.5493907278602697,
    "regul": 0.00014480462816173083,
    "regul_last": 0.007810458161277987
  }
}