{
  "optimizer": {
    "lr": 0.0007996659190472334
  },
  "strategy": {
    "alpha_ema": 0.046143760640843426,
    "regul": 8.170484156567801e-05
  }
}