{
  "optimizer": {
    "lr": 0.03053100890029168
  },
  "strategy": {
    "alpha_ema": 0.12442503078033958,
    "regul": 0.00028294348130381876
  }
}