{
  "optimizer": {
    "lr": 0.00035980658992901265
  },
  "strategy": {
    "alpha_ema": 0.02052515373701098,
    "regul": 4.297762085350118e-05
  }
}