{
  "optimizer": {
    "lr": 0.00017983031380799163
  },
  "strategy": {
    "alpha_ema": 0.9678973201644993,
    "lambda_": 2.092462328648181,
    "regul": 0.11117031025273942
  }
}