{
  "optimizer": {
    "lr": 0.0009330032933160585
  },
  "strategy": {
    "alpha_ema": 0.13909217023258916,
    "regul": 0.06306906420983899,
    "regul_last": 0.0004538989569533985
  }
}