{
  "optimizer": {
    "lr": 0.0010024639406139703
  },
  "strategy": {
    "alpha_ema": 0.026994364662649414,
    "regul": 0.0017665031504237438
  }
}