{
  "optimizer": {
    "lr": 3.9131304839057624e-05
  },
  "strategy": {
    "alpha_ema": 0.17479029048176667,
    "regul": 0.0012072487761031396,
    "regul_last": 0.00207614123476445
  }
}