{
  "optimizer": {
    "lr": 0.0028423653287904366
  },
  "strategy": {
    "regul": 0.5058699118131125
  }
}