{
  "optimizer": {
    "lr": 0.00043066163459918997
  },
  "strategy": {
    "alpha_ema": 0.2135892215399432,
    "regul": 0.03638924573122502
  }
}