{
  "optimizer": {
    "lr": 0.0001636312716063757
  },
  "strategy": {
    "alpha_ema": 0.08767406591029826,
    "alpha_ema_last": 0.6731639501471836,
    "regul": 0.0023201348471151503
  }
}