{
  "optimizer": {
    "lr": 0.00029365364049322817
  },
  "strategy": {
    "alpha_ema": 0.3966817295277162,
    "lambda_": 2.6612363003160526,
    "regul": 0.018783092204127105
  }
}