{
  "optimizer": {
    "lr": 0.004635173692048001
  },
  "strategy": {
    "alpha_ema": 0.08681513931181369,
    "regul": 3.079020931475284e-05
  }
}