{
  "strategy": {
    "alpha_ema": 0.638545082075139,
    "clip": 0.029465174222968866,
    "lambda_": 3.523028150069349,
    "regul": 0.4115881125367872
  }
}