{
  "optimizer": {
    "lr": 4.399278341105238e-05
  },
  "strategy": {
    "alpha_ema": 0.14455859004773863,
    "alpha_ema_last": 0.24770814524382667,
    "regul": 0.15901335234344616
  }
}