{
  "optimizer": {
    "lr": 0.0011255783561217461
  },
  "strategy": {
    "alpha_ema": 0.022599974060646025,
    "regul": 0.02519031968598828
  }
}