{
  "strategy": {
    "alpha_ema": 0.07098972204984859,
    "alpha_ema_last": 0.1307499975799301,
    "clip": 0.8441346313326022,
    "lambda_": 0.04061143716174714,
    "regul": 0.0001262262970445109,
    "regul_last": 0.0008100341812325071
  }
}