{
  "optimizer": {
    "lr": 0.0050416717560939905
  },
  "strategy": {
    "alpha_ema": 0.08057458355710818,
    "regul": 0.0319628701994951
  }
}