{
  "optimizer": {
    "lr": 0.03519645869688469
  },
  "strategy": {
    "alpha_ema": 0.14246262180492503,
    "regul": 5.728899128629493e-05
  }
}