{
  "optimizer": {
    "lr": 6.13803577897531e-05
  },
  "strategy": {
    "alpha_ema": 0.300006314902202,
    "regul": 3.21134797326907e-05
  }
}