{
  "strategy": {
    "alpha_ema": 0.03187178113532276,
    "clip": 0.014787595733578629,
    "lambda_": 9.482701124125159,
    "regul": 0.00021035811609525923
  }
}