{
  "optimizer": {
    "lr": 0.007814882597595788
  },
  "strategy": {
    "alpha_ema": 0.9451961385985741,
    "alpha_ema_last": 0.06743778974281979,
    "regul": 0.0029146701912032107
  }
}