{
  "strategy": {
    "alpha_ema": 0.059931555126312853,
    "clip": 0.02763009762736116,
    "lambda_": 0.07364835624610346,
    "regul": 0.003157690846247074
  }
}