{
  "strategy": {
    "alpha_ema": 0.25582554954958014,
    "clip": 4.368514260454537,
    "lambda_": 0.023477414056980814,
    "regul": 0.4934478726009972
  }
}