{
  "trial_data": [
    [
      "{\n  \"stub\": false,\n  \"trainable_name\": \"train_function\",\n  \"trial_id\": \"15d74221\",\n  \"storage\": {\n    \"_type\": \"CLOUDPICKLE_FALLBACK\",\n    \"value\": \"8005958f030000000000008c1b7261792e747261696e2e5f696e7465726e616c2e73746f72616765948c0e53746f72616765436f6e746578749493942981947d94288c12637573746f6d5f66735f70726f766964656494898c1273746f726167655f6c6f63616c5f70617468948c1c2f686f6d652f652e7572657474696e692f7261795f726573756c7473948c0c73746f726167655f70617468948c3d2f646174612f652e7572657474696e692f70726f6a656374732f434c5f73746162696c6974792f6f636c5f7375727665792f7261795f726573756c7473948c136578706572696d656e745f6469725f6e616d65948c22747261696e5f66756e6374696f6e5f323032342d30372d31395f32332d32332d3431948c0e747269616c5f6469725f6e616d65948c55747261696e5f66756e6374696f6e5f31356437343232315f315f6c723d302e303030302c616c7068615f656d613d302e313536342c726567756c3d302e303337395f323032342d30372d31395f32332d32332d3431948c1863757272656e745f636865636b706f696e745f696e646578944affffffff8c0b73796e635f636f6e666967948c097261792e747261696e948c0a53796e63436f6e6669679493942981947d94288c0b73796e635f706572696f64944d2c018c0c73796e635f74696d656f7574944d08078c0e73796e635f61727469666163747394898c1c73796e635f6172746966616374735f6f6e5f636865636b706f696e7494888c0a75706c6f61645f646972948c0a44455052454341544544948c0673796e63657294681a8c1273796e635f6f6e5f636865636b706f696e7494681a75628c1273746f726167655f66696c6573797374656d948c0b70796172726f772e5f6673948c1c4c6f63616c46696c6553797374656d2e5f7265636f6e7374727563749493947d948c087573655f6d6d6170948973859452948c0f73746f726167655f66735f70617468948c3d2f646174612f652e7572657474696e692f70726f6a656374732f434c5f73746162696c6974792f6f636c5f7375727665792f7261795f726573756c747394681b68008c115f46696c6573797374656d53796e6365729493942981947d9428681d682468154d2c0168164d08078c116c6173745f73796e635f75705f74696d659447fff00000000000008c136c6173745f73796e635f646f776e5f74696d659447fff00000000000008c0d5f73796e635f70726f63657373944e8c0c5f63757272656e745f636d64944e756275622e\"\n  },\n  \"config\": {\n    \"optimizer\": {\n      \"lr\": 3.4689705090261004e-05\n    },\n    \"strategy\": {\n      \"regul\": 0.037876614622168965,\n      \"alpha_ema\": 0.15644265979244099\n    }\n  },\n  \"_Trial__unresolved_config\": {\n    \"optimizer\": {\n      \"lr\": 3.4689705090261004e-05\n    },\n    \"strategy\": {\n      \"regul\": 0.037876614622168965,\n      \"alpha_ema\": 0.15644265979244099\n    }\n  },\n  \"evaluated_params\": {\n    \"optimizer/lr\": 3.4689705090261004e-05,\n    \"strategy/alpha_ema\": 0.15644265979244099,\n    \"strategy/regul\": 0.037876614622168965\n  },\n  \"experiment_tag\": \"1_lr=0.0000,alpha_ema=0.1564,regul=0.0379\",\n  \"stopping_criterion\": {},\n  \"_setup_default_resource\": true,\n  \"_default_placement_group_factory\": \"80054e2e\",\n  \"placement_group_factory\": \"800595aa000000000000008c237261792e74756e652e657865637574696f6e2e706c6163656d656e745f67726f757073948c15506c6163656d656e7447726f7570466163746f72799493942981947d94288c085f62756e646c6573945d947d948c0347505594473fb999999999999a73618c155f686561645f62756e646c655f69735f656d70747994898c095f7374726174656779948c045041434b948c055f6172677394298c075f6b7761726773947d9475622e\",\n  \"log_to_file\": [\n    null,\n    null\n  ],\n  \"max_failures\": 0,\n  \"_default_result_or_future\": null,\n  \"export_formats\": [],\n  \"status\": \"PENDING\",\n  \"relative_logdir\": \"train_function_15d74221_1_lr=0.0000,alpha_ema=0.1564,regul=0.0379_2024-07-19_23-23-41\",\n  \"trial_name_creator\": null,\n  \"trial_dirname_creator\": null,\n  \"custom_trial_name\": null,\n  \"custom_dirname\": null,\n  \"restore_path\": null,\n  \"_restore_checkpoint_result\": null,\n  \"_state_json\": null,\n  \"results\": \"80054e2e\",\n  \"extra_arg\": \"80054e2e\",\n  \"_resources\": \"80054e2e\"\n}",
      "{\n  \"start_time\": null,\n  \"num_failures\": 0,\n  \"num_failures_after_restore\": 0,\n  \"error_filename\": null,\n  \"pickled_error_filename\": null,\n  \"last_result\": {},\n  \"last_result_time\": -Infinity,\n  \"metric_analysis\": {},\n  \"_n_steps\": [\n    5,\n    10\n  ],\n  \"metric_n_steps\": {},\n  \"checkpoint_manager\": {\n    \"_type\": \"CLOUDPICKLE_FALLBACK\",\n    \"value\": \"80059584010000000000008c267261792e747261696e2e5f696e7465726e616c2e636865636b706f696e745f6d616e61676572948c125f436865636b706f696e744d616e616765729493942981947d94288c125f636865636b706f696e745f636f6e666967948c097261792e747261696e948c10436865636b706f696e74436f6e6669679493942981947d94288c0b6e756d5f746f5f6b656570944e8c1a636865636b706f696e745f73636f72655f617474726962757465944e8c16636865636b706f696e745f73636f72655f6f72646572948c036d6178948c14636865636b706f696e745f6672657175656e6379944b008c11636865636b706f696e745f61745f656e6494898c1a5f636865636b706f696e745f6b6565705f616c6c5f72616e6b73948c0a44455052454341544544948c1f5f636865636b706f696e745f75706c6f61645f66726f6d5f776f726b65727394681275628c135f636865636b706f696e745f726573756c7473945d948c195f6c61746573745f636865636b706f696e745f726573756c74944e75622e\"\n  }\n}"
    ]
  ],
  "runner_data": {
    "_earliest_stopping_actor": Infinity,
    "_actor_cleanup_timeout": 600,
    "_actor_force_cleanup_timeout": 10,
    "_reuse_actors": true,
    "_buffer_length": 1,
    "_buffer_min_time_s": 0.0,
    "_buffer_max_time_s": 100.0,
    "_max_pending_trials": 1,
    "_metric": null,
    "_total_time": 0,
    "_iteration": 0,
    "_has_errored": false,
    "_fail_fast": false,
    "_print_trial_errors": true,
    "_server_port": null,
    "_cached_trial_decisions": {},
    "_queued_trial_decisions": {},
    "_should_stop_experiment": false,
    "_stopper": {
      "_type": "CLOUDPICKLE_FALLBACK",
      "value": "8005952c000000000000008c157261792e74756e652e73746f707065722e6e6f6f70948c0b4e6f6f7053746f707065729493942981942e"
    },
    "_start_time": 1721424221.8706727,
    "_last_checkpoint_time": -Infinity,
    "_session_str": "2024-07-19_23-23-41",
    "_checkpoint_period": "auto",
    "_trial_checkpoint_config": {
      "_type": "CLOUDPICKLE_FALLBACK",
      "value": "800595f2000000000000008c097261792e747261696e948c10436865636b706f696e74436f6e6669679493942981947d94288c0b6e756d5f746f5f6b656570944e8c1a636865636b706f696e745f73636f72655f617474726962757465944e8c16636865636b706f696e745f73636f72655f6f72646572948c036d6178948c14636865636b706f696e745f6672657175656e6379944b008c11636865636b706f696e745f61745f656e6494898c1a5f636865636b706f696e745f6b6565705f616c6c5f72616e6b73948c0a44455052454341544544948c1f5f636865636b706f696e745f75706c6f61645f66726f6d5f776f726b65727394680c75622e"
    },
    "_resumed": false,
    "launch_web_server": false
  },
  "stats": {
    "start_time": 1721424221.8706727,
    "timestamp": -Infinity
  }
}