{
  "optimizer": {
    "lr": 0.00011258578946270238
  },
  "strategy": {
    "alpha_ema": 0.02265548867440999,
    "alpha_ema_last": 0.03747682848409244,
    "clip": 3723.5462784932156,
    "lambda_": 0.04077617586322696,
    "regul": 0.0005658378874263013,
    "regul_last": 0.00010675343209635326
  }
}