{
  "optimizer": {
    "lr": 0.0004448053665271078
  },
  "strategy": {
    "alpha_ema": 0.02997294002231282,
    "regul": 0.0013689115334519079
  }
}