{
  "optimizer": {
    "lr": 0.0001314723109996084
  },
  "strategy": {
    "alpha_ema": 0.012217374496417473,
    "regul": 2.4897764418856538e-05
  }
}