{
  "optimizer": {
    "lr": 0.000218516658907694
  },
  "strategy": {
    "alpha_ema": 0.026993408857142128,
    "regul": 0.010755955266482948
  }
}