{
  "optimizer": {
    "lr": 9.738643602595778e-05
  },
  "strategy": {
    "alpha_ema": 0.13068913317673364,
    "alpha_ema_last": 0.04566884073039722,
    "regul": 0.003956009489452758
  }
}