{
  "optimizer": {
    "lr": 0.007931183777060247
  },
  "strategy": {
    "regul": 8.265252048868268e-05
  }
}