{
  "optimizer": {
    "lr": 0.00041039091985080306
  },
  "strategy": {
    "regul": 0.015357187463653308
  }
}