{
  "optimizer": {
    "lr": 0.004428999574279683
  },
  "strategy": {
    "alpha_ema": 0.3605024498642039,
    "regul": 4.101527240101591e-05
  }
}