{
  "optimizer": {
    "lr": 0.0018005408489835174
  },
  "strategy": {
    "regul": 0.004923136100728956
  }
}