{
  "optimizer": {
    "lr": 0.032123696891250816
  },
  "strategy": {
    "alpha_ema": 0.3012255008327613,
    "regul": 0.022634079025601925
  }
}