{
  "optimizer": {
    "lr": 1.1415002127887969e-05
  },
  "strategy": {
    "regul": 1.0047460144221932e-05
  }
}