{
  "strategy": {
    "alpha_ema": 0.07279656278980108,
    "clip": 0.15306966238417288,
    "lambda_": 0.7783562467343453,
    "regul": 0.47109074994736233
  }
}