{
  "optimizer": {
    "lr": 0.00013132632628515948
  },
  "strategy": {
    "alpha_ema": 0.5697009343429776,
    "regul": 0.0001631847026018288
  }
}