{
  "optimizer": {
    "lr": 0.00045786617523564546
  },
  "strategy": {
    "alpha_ema": 0.19465848011779552,
    "regul": 0.006849445760405811
  }
}