{
  "optimizer": {
    "lr": 7.154081296958291e-05
  },
  "strategy": {
    "alpha_ema": 0.01882049320026349,
    "regul": 0.0017034405553128598
  }
}