{
  "optimizer": {
    "lr": 0.00024410684168387555
  },
  "strategy": {
    "alpha_ema": 0.2676225736350594,
    "regul": 0.03197808072896085
  }
}