{
  "optimizer": {
    "lr": 0.0007010811920480965
  },
  "strategy": {
    "alpha_ema": 0.01853594733805698,
    "regul": 0.00037438196920111966
  }
}