{
  "optimizer": {
    "lr": 0.0002695387511866557
  },
  "strategy": {
    "alpha_ema": 0.19927621153240782,
    "regul": 0.00012483547870124152
  }
}