{
  "optimizer": {
    "lr": 0.00024467139171037856
  },
  "strategy": {
    "alpha_ema": 0.16425387248085108,
    "regul": 0.006519313992988631
  }
}