{
  "optimizer": {
    "lr": 0.0025431192347138724
  },
  "strategy": {
    "alpha_ema": 0.6683125051114854,
    "lambda_": 0.020797691597261008,
    "regul": 2.452808097636122e-05
  }
}