{
  "strategy": {
    "alpha_ema": 0.06176167912401387,
    "alpha_ema_last": 0.34077564395260596,
    "clip": 0.5727728460383251,
    "lambda_": 3.2926793028852934,
    "regul": 0.00018827621220603944,
    "regul_last": 0.01978965809324983
  }
}