{
  "strategy": {
    "alpha_ema": 0.02556858677743866,
    "alpha_ema_last": 0.09743790829280378,
    "clip": 1.7737124529771429,
    "lambda_": 0.07369054421822338,
    "regul": 0.010036571160284558,
    "regul_last": 0.002924218495695033
  }
}