{
  "optimizer": {
    "lr": 9.77904313357962e-05
  },
  "strategy": {
    "alpha_ema": 0.4583717853344974,
    "regul": 0.0003998610258365838,
    "regul_last": 0.025682394181592315
  }
}