{
  "optimizer": {
    "lr": 0.0014651483583726158
  },
  "strategy": {
    "alpha_ema": 0.04775624800188422,
    "regul": 0.0002301565230301426
  }
}