{
  "optimizer": {
    "lr": 0.00021954166441191033
  },
  "strategy": {
    "alpha_ema": 0.029370444211372408,
    "regul": 0.0001539558092731055
  }
}