{
  "strategy": {
    "alpha_ema": 0.3606723196665588,
    "clip": 0.5301780867144005,
    "lambda_": 0.3096053405498063,
    "regul": 0.00018806453346078728
  }
}