{
  "strategy": {
    "alpha_ema": 0.06351601119917771,
    "clip": 0.4281051803399808,
    "lambda_": 4.480319021967336,
    "regul": 0.13450181670275
  }
}