{
  "optimizer": {
    "lr": 0.0005714346004188904
  },
  "strategy": {
    "regul": 0.0011628272550935639
  }
}