{
  "strategy": {
    "alpha_ema": 0.07020833040840492,
    "clip": 0.11543222375629558,
    "lambda_": 6.503704769507144,
    "regul": 0.05477328886831072
  }
}