{
  "optimizer": {
    "lr": 0.0004274303998704868
  },
  "strategy": {
    "alpha_ema": 0.06661602976844824,
    "regul": 0.003433222051215207
  }
}