{
  "optimizer": {
    "lr": 0.00039046117944939267
  },
  "strategy": {
    "alpha_ema": 0.010953659130163279,
    "lambda_": 0.03701674966414102,
    "regul": 0.00973593096064762
  }
}