{
  "optimizer": {
    "lr": 0.007618055334189454
  },
  "strategy": {
    "alpha_ema": 0.12886182375002853,
    "regul": 0.0004915152933040035
  }
}