{
  "optimizer": {
    "lr": 0.0003664795928789825
  },
  "strategy": {
    "alpha_ema": 0.08912434256417115,
    "alpha_ema_last": 0.08593649701676404,
    "regul": 0.013921984441341951
  }
}