{
  "strategy": {
    "alpha_ema": 0.27990273634366775,
    "clip": 0.13597174146230082,
    "lambda_": 0.9724981332307747,
    "regul": 0.33585307279653986
  }
}