{
  "optimizer": {
    "lr": 0.0016104797715168731
  },
  "strategy": {
    "alpha_ema": 0.07688188240220864,
    "regul": 0.0003333288041941761,
    "regul_last": 0.001036913639213029
  }
}