{
  "optimizer": {
    "lr": 1.5883158415639825e-05
  },
  "strategy": {
    "alpha_ema": 0.01010508362919958,
    "regul": 0.0005312384599630136
  }
}