{
  "optimizer": {
    "lr": 1.2299598626082288e-05
  },
  "strategy": {
    "alpha_ema": 0.01517811827096066,
    "regul": 0.00018843563841118457
  }
}