{
  "optimizer": {
    "lr": 0.0018132526804745795
  },
  "strategy": {
    "alpha_ema": 0.0516234466125142,
    "lambda_": 0.34630526407722,
    "regul": 0.08722857303555323
  }
}