{
  "strategy": {
    "alpha_ema": 0.8271299514995968,
    "clip": 1.588873769078659,
    "lambda_": 2.334607393910257,
    "regul": 0.0006570443521834431
  }
}