{
  "optimizer": {
    "lr": 0.00018437452880571082
  },
  "strategy": {
    "alpha_ema": 0.02027595154331061,
    "regul": 0.0016919382517229943
  }
}