{
  "optimizer": {
    "lr": 0.016173743821245336
  },
  "strategy": {
    "alpha_ema": 0.9236650258684909,
    "regul": 2.3844688646661696e-05,
    "regul_last": 0.017430346159321108
  }
}