{
  "optimizer": {
    "lr": 0.000716583765438485
  },
  "strategy": {
    "alpha_ema": 0.04569109995030208,
    "lambda_": 0.04688056024598078,
    "regul": 2.225199429269286e-05
  }
}