{
  "optimizer": {
    "lr": 0.09538416430400815
  },
  "strategy": {
    "alpha_ema": 0.24290998505661893,
    "regul": 0.0003800681071693434
  }
}