{
  "optimizer": {
    "lr": 0.005129546728492352
  },
  "strategy": {
    "alpha_ema": 0.1442518550955969,
    "regul": 1.4943923908270111e-05
  }
}