{
  "optimizer": {
    "lr": 0.0004975847289445936
  },
  "strategy": {
    "alpha_ema": 0.9724148977696461,
    "regul": 2.7561686191719713e-05
  }
}