{
  "optimizer": {
    "lr": 0.00019445937833189843
  },
  "strategy": {
    "alpha_ema": 0.06589754516456052,
    "regul": 0.002044766553227994
  }
}