{
  "optimizer": {
    "lr": 0.0008149874063489071
  },
  "strategy": {
    "alpha_ema": 0.024446773983702274,
    "regul": 0.001667008618436734
  }
}