{
  "optimizer": {
    "lr": 0.001020364957476995
  },
  "strategy": {
    "alpha_ema": 0.010262317753469917,
    "regul": 0.003805723873978739
  }
}