{
  "optimizer": {
    "lr": 3.455899356287324e-05
  },
  "strategy": {
    "alpha_ema": 0.09542747384668007,
    "alpha_ema_last": 0.3122974039365264,
    "clip": 216.50699718979268,
    "lambda_": 0.04960140181323003,
    "regul": 0.00019713328704983418,
    "regul_last": 0.015150155693252159
  }
}