{
  "optimizer": {
    "lr": 0.02528564817810946
  },
  "strategy": {
    "alpha_ema": 0.18627624675984789,
    "lambda_": 4.021177548557276,
    "regul": 1.178952073545269e-05
  }
}