{
  "optimizer": {
    "lr": 6.81596135040953e-05
  },
  "strategy": {
    "alpha_ema": 0.171240256659886,
    "alpha_ema_last": 0.012602594294082371,
    "clip": 47879.9191171124,
    "lambda_": 0.05600792096253337,
    "regul": 0.001256849277082149,
    "regul_last": 0.001105775481141323
  }
}