{
  "optimizer": {
    "lr": 0.002563151833171691
  },
  "strategy": {
    "alpha_ema": 0.05294013183231833,
    "regul": 0.0042055150358909716
  }
}