{
  "optimizer": {
    "lr": 0.0003029616280115204
  },
  "strategy": {
    "alpha_ema": 0.9858983355006127,
    "regul": 0.00042978470173630644
  }
}