{
  "optimizer": {
    "lr": 2.8446682954398257e-05
  },
  "strategy": {
    "regul": 0.0023917573940445054
  }
}