{
  "optimizer": {
    "lr": 0.0006869888439218257
  },
  "strategy": {
    "alpha_ema": 0.17826665451689694,
    "regul": 0.0004743585597884846
  }
}