{
  "strategy": {
    "alpha_ema": 0.018324956837977954,
    "clip": 2.9868131295691356,
    "lambda_": 0.29167388850383563,
    "regul": 0.8073742783571555
  }
}