{
  "strategy": {
    "alpha_ema": 0.5592891466289549,
    "clip": 0.2129987031763103,
    "lambda_": 0.016527415881066432,
    "regul": 0.09339157291922985
  }
}