{
  "optimizer": {
    "lr": 0.0015144183216477868
  },
  "strategy": {
    "alpha_ema": 0.02630403069772379,
    "lambda_": 1.8724101785783838,
    "regul": 0.004608974635719056
  }
}