{
  "optimizer": {
    "lr": 0.0028532350974035596
  },
  "strategy": {
    "regul": 0.009735032216435171
  }
}