{
  "strategy": {
    "alpha_ema": 0.9352882073525688,
    "clip": 3.3350457616790354,
    "lambda_": 0.2742619572164958,
    "regul": 0.012025476249907172
  }
}