{
  "optimizer": {
    "lr": 0.01473844303663969
  },
  "strategy": {
    "regul": 0.051551262523382595
  }
}