{
  "strategy": {
    "alpha_ema": 0.6612540202663774,
    "alpha_ema_last": 0.07116103865537912,
    "clip": 0.7084305866691017,
    "lambda_": 1.29094056476084,
    "regul": 0.0023971117687133074,
    "regul_last": 0.0005821085246640944
  }
}