{
  "optimizer": {
    "lr": 0.000984046331832003
  },
  "strategy": {
    "alpha_ema": 0.7226806614542256,
    "regul": 0.00010771618821778749
  }
}