{
  "optimizer": {
    "lr": 0.0033409995540835905
  },
  "strategy": {
    "alpha_ema": 0.08773500688736431,
    "regul": 0.0003850191515975354
  }
}