{
  "optimizer": {
    "lr": 0.0015780748568992586
  },
  "strategy": {
    "alpha_ema": 0.14698495616241491,
    "regul": 1.2654884723150395e-05
  }
}