{
  "optimizer": {
    "lr": 0.004894942828611124
  },
  "strategy": {
    "alpha_ema": 0.013369857404744522,
    "alpha_ema_last": 0.5517815054605445,
    "clip": 74882.84925606819,
    "lambda_": 0.32838340122794385,
    "regul": 0.0038932671770673818,
    "regul_last": 0.20663482606144604
  }
}