{
  "optimizer": {
    "lr": 0.0003627214580540325
  },
  "strategy": {
    "alpha_ema": 0.18662425147574588,
    "regul": 0.001587117653093504
  }
}