{
  "optimizer": {
    "lr": 0.0002403414310868535
  },
  "strategy": {
    "regul": 4.977154322248898e-05
  }
}