{
  "optimizer": {
    "lr": 0.0029290106792215
  },
  "strategy": {
    "alpha_ema": 0.05136955892017301,
    "regul": 0.03329479623639893,
    "regul_last": 0.005079435968732434
  }
}