{
  "optimizer": {
    "lr": 0.010617697693506392
  },
  "strategy": {
    "alpha_ema": 0.22519378709989618,
    "regul": 0.007746108577941286,
    "regul_last": 0.014974762526742826
  }
}