{
  "optimizer": {
    "lr": 0.026902158272095224
  },
  "strategy": {
    "alpha_ema": 0.01702251855385411,
    "regul": 0.0001755141772109738
  }
}