{
  "optimizer": {
    "lr": 0.016875631505564738
  },
  "strategy": {
    "alpha_ema": 0.06766025439449208,
    "lambda_": 0.21537382877854813,
    "regul": 4.643095192632918e-05
  }
}