{
  "optimizer": {
    "lr": 0.008359036313457425
  },
  "strategy": {
    "alpha_ema": 0.010166034848863297,
    "alpha_ema_last": 0.7250500724063015,
    "clip": 4177.652567971771,
    "lambda_": 1.0123610091919153,
    "regul": 0.012910054452866344,
    "regul_last": 0.4914620448209346
  }
}