{
  "optimizer": {
    "lr": 0.02413790285982982
  },
  "strategy": {
    "alpha_ema": 0.017671129235671795,
    "alpha_ema_last": 0.9986381859413738,
    "clip": 41574.54432974637,
    "lambda_": 0.6173522668302849,
    "regul": 0.011006817016667293,
    "regul_last": 0.06369126188724741
  }
}