{
  "optimizer": {
    "lr": 0.0014789091086576597
  },
  "strategy": {
    "alpha_ema": 0.12087261930663723,
    "regul": 0.0002790069202398292,
    "regul_last": 0.0017661897283742728
  }
}