{
  "optimizer": {
    "lr": 1.4053575392004341e-05
  },
  "strategy": {
    "regul": 0.0913645975404336
  }
}