{
  "optimizer": {
    "lr": 0.002179708648790864
  },
  "strategy": {
    "alpha_ema": 0.17333654205842766,
    "regul": 3.4074914721459296e-05
  }
}