{
  "optimizer": {
    "lr": 4.0300991625132875e-05
  },
  "strategy": {
    "alpha_ema": 0.32993272482567415,
    "lambda_": 0.8266778613388001,
    "regul": 0.03544449622616663
  }
}