{
  "optimizer": {
    "lr": 0.0013103663504880582
  },
  "strategy": {
    "alpha_ema": 0.027332385429825995,
    "lambda_": 0.18071213793022595,
    "regul": 0.002307848604213368
  }
}