{
  "optimizer": {
    "lr": 0.0030385549267158054
  },
  "strategy": {
    "alpha_ema": 0.10033072027340828,
    "regul": 0.001695552000481973
  }
}