{
  "optimizer": {
    "lr": 0.019830185794649718
  },
  "strategy": {
    "alpha_ema": 0.1221525994477498,
    "alpha_ema_last": 0.4276231138878788,
    "regul": 0.0011556386632712063
  }
}