{
  "optimizer": {
    "lr": 8.479000887822517e-05
  },
  "strategy": {
    "alpha_ema": 0.39476419560538145,
    "regul": 0.0026578916279191302
  }
}