{
  "strategy": {
    "alpha_ema": 0.374772490177709,
    "alpha_ema_last": 0.17966163950469877,
    "clip": 0.35824068904224876,
    "lambda_": 0.31688149644557717,
    "regul": 0.0304682226073157,
    "regul_last": 0.0006943915207404607
  }
}