{
  "optimizer": {
    "lr": 0.00042009655874824403
  },
  "strategy": {
    "alpha_ema": 0.14610304214977538,
    "regul": 5.7747062792236107e-05
  }
}