{
  "optimizer": {
    "lr": 1.4447826592645836e-05
  },
  "strategy": {
    "alpha_ema": 0.03477245061395331,
    "regul": 0.0002008621241278073
  }
}