{
  "optimizer": {
    "lr": 0.012272667448963282
  },
  "strategy": {
    "alpha_ema": 0.1864604162897871,
    "regul": 0.0011878896654836939
  }
}