{
  "optimizer": {
    "lr": 0.02420368732288399
  },
  "strategy": {
    "alpha_ema": 0.06635148628893882,
    "regul": 0.010801097547812624
  }
}