{
  "optimizer": {
    "lr": 0.009175806292370104
  },
  "strategy": {
    "alpha_ema": 0.012324461481365036,
    "regul": 0.012915471731495543
  }
}