{
  "optimizer": {
    "lr": 1.4518247891852106e-05
  },
  "strategy": {
    "alpha_ema": 0.055137673279754724,
    "regul": 5.7851944855535784e-05
  }
}