{
  "optimizer": {
    "lr": 3.1437225500614374e-05
  },
  "strategy": {
    "alpha_ema": 0.025645397635853003,
    "regul": 0.8933627740285031
  }
}