{
  "optimizer": {
    "lr": 4.004993500562051e-05
  },
  "strategy": {
    "alpha_ema": 0.061620754163494704,
    "regul": 5.655279239483678e-05
  }
}