{
  "optimizer": {
    "lr": 5.672418470239989e-05
  },
  "strategy": {
    "alpha_ema": 0.14187011309928152,
    "lambda_": 0.338218707048952,
    "regul": 0.0014779356365588797
  }
}