{
  "optimizer": {
    "lr": 0.0022474712543992
  },
  "strategy": {
    "alpha_ema": 0.33331016754059334,
    "alpha_ema_last": 0.23099733574647083,
    "regul": 0.24971905816547874
  }
}