{
  "optimizer": {
    "lr": 8.373957869418648e-05
  },
  "strategy": {
    "regul": 0.03340347708297539
  }
}