{
  "optimizer": {
    "lr": 0.005603164419255043
  },
  "strategy": {
    "alpha_ema": 0.013898552474794984,
    "regul": 0.08130071623612817
  }
}