{
  "optimizer": {
    "lr": 0.001448805597673238
  },
  "strategy": {
    "alpha_ema": 0.5951285993912547,
    "regul": 0.029623117595679656
  }
}