{
  "strategy": {
    "alpha_ema": 0.04382212661751313,
    "alpha_ema_last": 0.034362166043511264,
    "clip": 0.12379565120530589,
    "lambda_": 2.8980780493732636,
    "regul": 0.3342097803673325,
    "regul_last": 0.26399983693642587
  }
}