{
  "optimizer": {
    "lr": 0.006614489395369472
  },
  "strategy": {
    "alpha_ema": 0.028802804852495496,
    "regul": 0.002878490039050253
  }
}