{
  "optimizer": {
    "lr": 9.040117306586655e-05
  },
  "strategy": {
    "alpha_ema": 0.11153703323389308,
    "regul": 0.0022895097218953173,
    "regul_last": 0.0006067815618846436
  }
}