{
  "optimizer": {
    "lr": 0.00021205532511836797
  },
  "strategy": {
    "regul": 3.0524043655725446e-05
  }
}