{
  "optimizer": {
    "lr": 0.0013355458574881582
  },
  "strategy": {
    "alpha_ema": 0.190724339047658,
    "regul": 2.0332504794521475e-05
  }
}