{
  "optimizer": {
    "lr": 0.00013161202318319153
  },
  "strategy": {
    "alpha_ema": 0.27446010763257783,
    "alpha_ema_last": 0.07818142557882858,
    "regul": 0.00046092048566503615
  }
}