{
  "optimizer": {
    "lr": 0.0036216796409520593
  },
  "strategy": {
    "alpha_ema": 0.1594171527079458,
    "regul": 0.0002637306514466287
  }
}