{
  "optimizer": {
    "lr": 0.0005992444785840666
  },
  "strategy": {
    "alpha_ema": 0.21356063936307923,
    "regul": 1.014828435237984e-05
  }
}