{
  "optimizer": {
    "lr": 0.0022950692268373218
  },
  "strategy": {
    "alpha_ema": 0.045990948909169126,
    "regul": 0.0004066767827421142
  }
}