{
  "optimizer": {
    "lr": 0.0010925030766099203
  },
  "strategy": {
    "alpha_ema": 0.20791191069888798,
    "regul": 0.0002057231067412296,
    "regul_last": 0.0018007230624448574
  }
}