{
  "optimizer": {
    "lr": 1.8892036772811295e-05
  },
  "strategy": {
    "alpha_ema": 0.058631007044420314,
    "lambda_": 0.9864586240435649,
    "regul": 6.163844073229073e-05
  }
}