{
  "optimizer": {
    "lr": 3.234873748754317e-05
  },
  "strategy": {
    "regul": 0.0018152857731900953
  }
}