{
  "optimizer": {
    "lr": 0.01691796624794428
  },
  "strategy": {
    "alpha_ema": 0.03433895094330042,
    "regul": 0.001431673504126809
  }
}