{
  "optimizer": {
    "lr": 8.658337850219586e-05
  },
  "strategy": {
    "alpha_ema": 0.024156650864051825,
    "regul": 0.0006103464430394814
  }
}