{
  "optimizer": {
    "lr": 0.003782531889793908
  },
  "strategy": {
    "alpha_ema": 0.09912664034919791,
    "regul": 0.0007235076651740775
  }
}