{
  "optimizer": {
    "lr": 0.0002702865133265312
  },
  "strategy": {
    "alpha_ema": 0.15521081220906446,
    "regul": 0.008121734844899519
  }
}