{
  "optimizer": {
    "lr": 9.393209505130615e-05
  },
  "strategy": {
    "alpha_ema": 0.018444692721604126,
    "regul": 0.0032176593961595265
  }
}