{
  "optimizer": {
    "lr": 0.001960809291445177
  },
  "strategy": {
    "alpha_ema": 0.455110189910545,
    "regul": 0.0005359685275592558
  }
}