{
  "optimizer": {
    "lr": 0.016019140704167142
  },
  "strategy": {
    "alpha_ema": 0.2971601534724181,
    "lambda_": 2.799961079339713,
    "regul": 0.001558638838424669
  }
}