{
  "optimizer": {
    "lr": 0.004349253274557048
  },
  "strategy": {
    "alpha_ema": 0.455212600717654,
    "lambda_": 0.5660751207719041,
    "regul": 0.08027650307581552
  }
}