{
  "strategy": {
    "alpha_ema": 0.05554591253197291,
    "clip": 0.04506869257282341,
    "lambda_": 0.07250771978796003,
    "regul": 0.005758526810632829
  }
}