{
  "optimizer": {
    "lr": 1.8550634103686605e-05
  },
  "strategy": {
    "alpha_ema": 0.06767354664258234,
    "alpha_ema_last": 0.10135801082579089,
    "clip": 364.2727617824328,
    "lambda_": 36.46124005267356,
    "regul": 0.001660198677169591,
    "regul_last": 0.10443126323107142
  }
}