{
  "optimizer": {
    "lr": 0.04729257492309279
  },
  "strategy": {
    "alpha_ema": 0.10658663251805268,
    "alpha_ema_last": 0.12158094415847791,
    "clip": 35.2985526992174,
    "lambda_": 0.04460414302962954,
    "regul": 0.0009246099292438528,
    "regul_last": 0.0038472704907526432
  }
}