{
  "optimizer": {
    "lr": 1.247916680630916e-05
  },
  "strategy": {
    "alpha_ema": 0.11291535837550086,
    "regul": 0.004420997452265181
  }
}