{
  "optimizer": {
    "lr": 1.2790928065034002e-05
  },
  "strategy": {
    "regul": 0.09139307774005086
  }
}