{
  "optimizer": {
    "lr": 0.023343820425279792
  },
  "strategy": {
    "alpha_ema": 0.0173669443149251,
    "regul": 0.0052507713273628465
  }
}