{
  "optimizer": {
    "lr": 0.00015502340301006405
  },
  "strategy": {
    "alpha_ema": 0.041755626161730904,
    "regul": 1.0212710693736444e-05
  }
}