{
  "optimizer": {
    "lr": 0.000942482108133321
  },
  "strategy": {
    "alpha_ema": 0.02985353608337364,
    "regul": 0.0008095707400844673
  }
}