{
  "optimizer": {
    "lr": 0.0012503212878799143
  },
  "strategy": {
    "alpha_ema": 0.033622200014831204,
    "alpha_ema_last": 0.5323195536115357,
    "clip": 2434.5023170309028,
    "lambda_": 0.02421840058754293,
    "regul": 0.0003215631271921258,
    "regul_last": 0.03160742003139612
  }
}