{
  "optimizer": {
    "lr": 0.00034775084207207637
  },
  "strategy": {
    "alpha_ema": 0.07987962340121131,
    "regul": 0.00019576220163604265
  }
}