{
  "optimizer": {
    "lr": 0.0038052824529805993
  },
  "strategy": {
    "alpha_ema": 0.10804100758124932,
    "alpha_ema_last": 0.02700709032352493,
    "clip": 36412.03470428915,
    "lambda_": 0.03380295045242726,
    "regul": 0.002652009934078889,
    "regul_last": 0.005559055305278601
  }
}