{
  "optimizer": {
    "lr": 0.0003180093820719683
  },
  "strategy": {
    "alpha_ema": 0.3811096376603668,
    "regul": 0.0034373214356334153
  }
}