{
  "optimizer": {
    "lr": 0.008801328057361014
  },
  "strategy": {
    "alpha_ema": 0.01267513701451553,
    "regul": 0.02950207796668694
  }
}