{
  "optimizer": {
    "lr": 0.0017511782945928043
  },
  "strategy": {
    "alpha_ema": 0.010896397935254733,
    "regul": 0.0032669321848649534
  }
}