{
  "optimizer": {
    "lr": 8.507861352167254e-05
  },
  "strategy": {
    "regul": 0.010864609492363078
  }
}