{
  "optimizer": {
    "lr": 0.000898291039795594
  },
  "strategy": {
    "regul": 0.00010138077815611072
  }
}