{
  "optimizer": {
    "lr": 0.00042804130533283745
  },
  "strategy": {
    "alpha_ema": 0.010610022319968816,
    "regul": 0.04043839488192931,
    "regul_last": 0.00033577370868219576
  }
}