{
  "optimizer": {
    "lr": 0.0033049433481229184
  },
  "strategy": {
    "alpha_ema": 0.612859820383455,
    "regul": 3.9449737741420675e-05
  }
}