{
  "strategy": {
    "alpha_ema": 0.8672058266506852,
    "alpha_ema_last": 0.501461912236347,
    "clip": 1.636239295553718,
    "lambda_": 3.103943825798765,
    "regul": 0.0003307764635093769,
    "regul_last": 0.005923975060247305
  }
}