{
  "optimizer": {
    "lr": 0.0024564422377381257
  },
  "strategy": {
    "alpha_ema": 0.29515130031255316,
    "regul": 0.0006928599982436992
  }
}