{
  "optimizer": {
    "lr": 5.6692762946476326e-05
  },
  "strategy": {
    "alpha_ema": 0.07553601908578327,
    "regul": 0.0002933425190009729
  }
}