{
  "optimizer": {
    "lr": 9.976616761330057e-05
  },
  "strategy": {
    "alpha_ema": 0.5694653866468027,
    "lambda_": 0.04244961219349285,
    "regul": 0.2927431571760222
  }
}