{
  "optimizer": {
    "lr": 0.0004575173507393803
  },
  "strategy": {
    "alpha_ema": 0.13068538970713547,
    "regul": 0.027262911389734315
  }
}