{
  "strategy": {
    "alpha_ema": 0.011620947955986878,
    "clip": 0.8598714292144732,
    "lambda_": 9.650124205117454,
    "regul": 0.07717424677201291
  }
}