{
  "optimizer": {
    "lr": 0.0002159059559453995
  },
  "strategy": {
    "regul": 0.004690093586459132
  }
}