{
  "optimizer": {
    "lr": 0.00047186137657234824
  },
  "strategy": {
    "alpha_ema": 0.6157716037976904,
    "alpha_ema_last": 0.1116423617680655,
    "regul": 0.0066509235877175036
  }
}