{
  "optimizer": {
    "lr": 0.0032465697635141104
  },
  "strategy": {
    "alpha_ema": 0.13507115970818753,
    "lambda_": 7.339470974258152,
    "regul": 0.015863009375002988
  }
}