{
  "optimizer": {
    "lr": 0.0001541631639802167
  },
  "strategy": {
    "alpha_ema": 0.058828623997028776,
    "regul": 1.1222990418931064e-05
  }
}