{
  "optimizer": {
    "lr": 0.04161427076289217
  },
  "strategy": {
    "alpha_ema": 0.1460156335155712,
    "lambda_": 0.016763394412699268,
    "regul": 0.00014108416055579837
  }
}