{
  "strategy": {
    "alpha_ema": 0.36431673948289767,
    "clip": 3.1350522747723972,
    "lambda_": 0.029597991553195025,
    "regul": 0.010494248168393146
  }
}