{
  "optimizer": {
    "lr": 1.0037603042769585e-05
  },
  "strategy": {
    "alpha_ema": 0.9967331239571723,
    "regul": 0.0034633502813330207
  }
}