{
  "optimizer": {
    "lr": 5.08869843986094e-05
  },
  "strategy": {
    "alpha_ema": 0.02094555182642656,
    "regul": 5.775681022868054e-05
  }
}