{
  "strategy": {
    "alpha_ema": 0.03793209720671273,
    "clip": 0.034849624397112575,
    "lambda_": 0.01765622535219228,
    "regul": 0.7553199822523492
  }
}