{
  "optimizer": {
    "lr": 0.0007003778392021668
  },
  "strategy": {
    "alpha_ema": 0.0574131038585852,
    "regul": 0.0022824070523689262
  }
}