{
  "optimizer": {
    "lr": 0.007425597386140409
  },
  "strategy": {
    "alpha_ema": 0.021072018662935836,
    "regul": 0.0035708622950422183
  }
}