{
  "optimizer": {
    "lr": 7.416254102931488e-05
  },
  "strategy": {
    "alpha_ema": 0.031685855428406615,
    "regul": 0.007607178305483598
  }
}