{
  "optimizer": {
    "lr": 0.0072890683462054455
  },
  "strategy": {
    "alpha_ema": 0.015825725509403313,
    "regul": 0.013123526326061839
  }
}