{
  "optimizer": {
    "lr": 0.0025305303922076388
  },
  "strategy": {
    "regul": 0.0023855191046269282
  }
}