{
  "optimizer": {
    "lr": 0.0007551156291563006
  },
  "strategy": {
    "alpha_ema": 0.258478681096838,
    "lambda_": 1.364638192528594,
    "regul": 0.0651155677592561
  }
}