{
  "strategy": {
    "alpha_ema": 0.012116939820360237,
    "alpha_ema_last": 0.44352790909931145,
    "clip": 74.52328320333048,
    "lambda_": 0.06111513002896981,
    "regul": 0.22879844957429177,
    "regul_last": 0.0003124110167180524
  }
}