{
  "optimizer": {
    "lr": 0.000807385806402845
  },
  "strategy": {
    "alpha_ema": 0.17514182405057108,
    "regul": 0.004101954925134121
  }
}