{
  "optimizer": {
    "lr": 0.0023500768655228743
  },
  "strategy": {
    "alpha_ema": 0.05514547256390758,
    "regul": 0.007024729033438196
  }
}