{
  "optimizer": {
    "lr": 0.09880795151487051
  },
  "strategy": {
    "alpha_ema": 0.21719671504714994,
    "regul": 0.0002010664097516992
  }
}