{
  "optimizer": {
    "lr": 0.0014509342550643213
  },
  "strategy": {
    "alpha_ema": 0.13771344757959836,
    "regul": 2.37657374906189e-05
  }
}