{
  "optimizer": {
    "lr": 0.00817006724801849
  },
  "strategy": {
    "regul": 5.5145228883769205e-05
  }
}