{
  "optimizer": {
    "lr": 0.00028721860430965885
  },
  "strategy": {
    "alpha_ema": 0.022604861525093223,
    "regul": 3.297971465170947e-05
  }
}