{
  "optimizer": {
    "lr": 0.04656364079649839
  },
  "strategy": {
    "alpha_ema": 0.0942492159914623,
    "regul": 0.0011649648430124076
  }
}