{
  "optimizer": {
    "lr": 0.0926174973811323
  },
  "strategy": {
    "alpha_ema": 0.4753620023601457,
    "regul": 0.0016340973791464197
  }
}