{
  "optimizer": {
    "lr": 0.004595802477056044
  },
  "strategy": {
    "alpha_ema": 0.046463415621551624,
    "regul": 0.001540891121482055
  }
}