{
  "optimizer": {
    "lr": 0.00015760798723434916
  },
  "strategy": {
    "alpha_ema": 0.028559755398261746,
    "lambda_": 0.7882592624091317,
    "regul": 0.8895268661491188
  }
}