{
  "optimizer": {
    "lr": 0.002510263716011722
  },
  "strategy": {
    "alpha_ema": 0.07167436314362248,
    "regul": 3.0259570577324672e-05
  }
}