{
  "optimizer": {
    "lr": 0.001449515573543791
  },
  "strategy": {
    "alpha_ema": 0.17005726317019998,
    "regul": 0.01721240819469224
  }
}