{
  "optimizer": {
    "lr": 0.0005526265403891102
  },
  "strategy": {
    "regul": 1.3984623259842394e-05
  }
}