{
  "optimizer": {
    "lr": 0.0025640457978320006
  },
  "strategy": {
    "alpha_ema": 0.010154101510466562,
    "regul": 0.018435718254811394
  }
}