{
  "optimizer": {
    "lr": 0.00056222540478714
  },
  "strategy": {
    "alpha_ema": 0.04366400603206108,
    "regul": 0.0015057829537527278
  }
}