{
  "optimizer": {
    "lr": 0.0015664992630684531
  },
  "strategy": {
    "alpha_ema": 0.04815226814154467,
    "regul": 0.00019140188613874656
  }
}