{
  "optimizer": {
    "lr": 0.029597500574356183
  },
  "strategy": {
    "regul": 0.19759654448007577
  }
}