{
  "optimizer": {
    "lr": 0.019491636666037218
  },
  "strategy": {
    "alpha_ema": 0.04836714335593166,
    "alpha_ema_last": 0.364639910459004,
    "regul": 0.00011949303362179101
  }
}