{
  "optimizer": {
    "lr": 4.319727489941078e-05
  },
  "strategy": {
    "regul": 0.00035427290835356916
  }
}