{
  "optimizer": {
    "lr": 0.00012845721753962749
  },
  "strategy": {
    "alpha_ema": 0.015035962264023907,
    "regul": 0.00025087218672002493,
    "regul_last": 0.07591495048896918
  }
}