{
  "strategy": {
    "alpha_ema": 0.3678586037661518,
    "clip": 1.9599483362628765,
    "lambda_": 6.45182653541883,
    "regul": 0.002089982642522235
  }
}