{
  "optimizer": {
    "lr": 0.0004124372553768658
  },
  "strategy": {
    "alpha_ema": 0.019406655335825383,
    "regul": 0.002111898814546152
  }
}