{
  "optimizer": {
    "lr": 0.0016653031643129941
  },
  "strategy": {
    "alpha_ema": 0.03557477233600808,
    "regul": 1.8767415208368845e-05
  }
}