{
  "optimizer": {
    "lr": 0.008752800689359963
  },
  "strategy": {
    "alpha_ema": 0.059601276526678106,
    "regul": 2.1758553952914183e-05
  }
}