{
  "optimizer": {
    "lr": 0.0016283103568156612
  },
  "strategy": {
    "alpha_ema": 0.012891350960651457,
    "regul": 0.004284547356521988
  }
}