{
  "optimizer": {
    "lr": 9.77030740982065e-05
  },
  "strategy": {
    "alpha_ema": 0.02184248415330845,
    "regul": 0.0020705976487379063
  }
}