{
  "optimizer": {
    "lr": 0.0055718920001165935
  },
  "strategy": {
    "alpha_ema": 0.012302791322413303,
    "lambda_": 0.5019432229158796,
    "regul": 0.03597308014204206
  }
}