{
  "optimizer": {
    "lr": 0.0016106879960173343
  },
  "strategy": {
    "alpha_ema": 0.6140338291858687,
    "alpha_ema_last": 0.15606519338794797,
    "regul": 0.0020926333799191517
  }
}