{
  "optimizer": {
    "lr": 0.0016765759765049342
  },
  "strategy": {
    "alpha_ema": 0.023718291847353003,
    "regul": 1.0383873591714339e-05
  }
}