{
  "optimizer": {
    "lr": 0.001258587313326656
  },
  "strategy": {
    "alpha_ema": 0.02936656925851424,
    "regul": 0.01316095462731686
  }
}