{
  "strategy": {
    "alpha_ema": 0.011180968784285344,
    "clip": 3.584587546305785,
    "lambda_": 0.02799538553008333,
    "regul": 0.045284327617149546
  }
}