{
  "optimizer": {
    "lr": 0.03180654866300843
  },
  "strategy": {
    "alpha_ema": 0.43943350209561355,
    "regul": 0.032635049671292965
  }
}