{
  "optimizer": {
    "lr": 3.662436829987119e-05
  },
  "strategy": {
    "alpha_ema": 0.054920538754556374,
    "regul": 0.0018185248346612307
  }
}