{
  "strategy": {
    "alpha_ema": 0.08032822176777951,
    "clip": 1.7968063225541002,
    "lambda_": 0.02435151031328307,
    "regul": 0.46457326622068873
  }
}