{
  "optimizer": {
    "lr": 0.00021596861135587625
  },
  "strategy": {
    "regul": 0.004782137335404949
  }
}