{
  "optimizer": {
    "lr": 0.0012065385440551708
  },
  "strategy": {
    "alpha_ema": 0.05095246663209043,
    "regul": 0.0010313559026076764
  }
}