{
  "optimizer": {
    "lr": 0.0007632447106218365
  },
  "strategy": {
    "alpha_ema": 0.38911128711226745,
    "regul": 3.616163976286728e-05
  }
}