{
  "optimizer": {
    "lr": 3.854923753956976e-05
  },
  "strategy": {
    "alpha_ema": 0.9144254190234997,
    "regul": 0.00029253751833689434
  }
}