{
  "optimizer": {
    "lr": 0.0013254799922137253
  },
  "strategy": {
    "alpha_ema": 0.01862191561705397,
    "regul": 4.278572370193169e-05
  }
}