{
  "strategy": {
    "alpha_ema": 0.44033052749703455,
    "clip": 0.32918151596156786,
    "lambda_": 0.039311241644474366,
    "regul": 0.0008690441400169968
  }
}