{
  "optimizer": {
    "lr": 0.07052408262871417
  },
  "strategy": {
    "alpha_ema": 0.011466994114996779,
    "regul": 0.02321470380328534
  }
}