{
  "optimizer": {
    "lr": 0.01324040810964802
  },
  "strategy": {
    "alpha_ema": 0.011710854358311509,
    "regul": 6.79835352400179e-05
  }
}