{
  "optimizer": {
    "lr": 0.0009291320247067522
  },
  "strategy": {
    "alpha_ema": 0.04290191819765812,
    "lambda_": 5.48092289499227,
    "regul": 0.00048171871610394194
  }
}