{
  "optimizer": {
    "lr": 0.0002642842556694941
  },
  "strategy": {
    "alpha_ema": 0.07261866464317875,
    "regul": 0.0008536199201531251
  }
}