{
  "optimizer": {
    "lr": 0.00038461862346663074
  },
  "strategy": {
    "alpha_ema": 0.144760101281887,
    "regul": 0.008336506184843771
  }
}