{
  "optimizer": {
    "lr": 0.06909719188173707
  },
  "strategy": {
    "alpha_ema": 0.08725748709828172,
    "alpha_ema_last": 0.01333840638196035,
    "regul": 0.000666063551383926
  }
}