{
  "optimizer": {
    "lr": 4.543894508069045e-05
  },
  "strategy": {
    "alpha_ema": 0.012823573710034886,
    "regul": 0.0012611284632259656,
    "regul_last": 0.0003169460387779191
  }
}