{
  "optimizer": {
    "lr": 0.00027841989521399226
  },
  "strategy": {
    "alpha_ema": 0.6419653913919613,
    "regul": 0.006121787126223656
  }
}