{
  "optimizer": {
    "lr": 0.003747235872115872
  },
  "strategy": {
    "alpha_ema": 0.03679255816149558,
    "regul": 0.09609561367257138
  }
}