{
  "optimizer": {
    "lr": 0.00034617287107184183
  },
  "strategy": {
    "alpha_ema": 0.022248963169858547,
    "alpha_ema_last": 0.7341817755286667,
    "regul": 0.9311938768990571
  }
}