{
  "optimizer": {
    "lr": 0.001887062601039827
  },
  "strategy": {
    "alpha_ema": 0.18007004610141697,
    "regul": 0.06843498543170738
  }
}