{
  "optimizer": {
    "lr": 0.00017959459414349898
  },
  "strategy": {
    "regul": 0.0018193404839022581
  }
}