{
  "optimizer": {
    "lr": 0.00048306474751636853
  },
  "strategy": {
    "alpha_ema": 0.02080688702516757,
    "regul": 0.00022336629420440337
  }
}