{
  "optimizer": {
    "lr": 0.00019348259958180597
  },
  "strategy": {
    "alpha_ema": 0.028851406172874704,
    "regul": 0.0004130985052955036
  }
}