{
  "optimizer": {
    "lr": 0.00018780125023627414
  },
  "strategy": {
    "alpha_ema": 0.043836077179316445,
    "alpha_ema_last": 0.04281226275133712,
    "clip": 7.372965005051306,
    "lambda_": 0.014112010006409216,
    "regul": 0.0003373971366069449,
    "regul_last": 0.041122269934766115
  }
}