{
  "optimizer": {
    "lr": 0.00011315018468354032
  },
  "strategy": {
    "regul": 0.0031268574386866016
  }
}