{
  "optimizer": {
    "lr": 0.01932698504583083
  },
  "strategy": {
    "alpha_ema": 0.1634736729110622,
    "lambda_": 3.248301302636827,
    "regul": 0.35467951967159095
  }
}