{
  "optimizer": {
    "lr": 0.03350314853766532
  },
  "strategy": {
    "alpha_ema": 0.02279851195546405,
    "regul": 0.0018114936262617525
  }
}