{
  "optimizer": {
    "lr": 6.706268484712927e-05
  },
  "strategy": {
    "alpha_ema": 0.07307352147211543,
    "alpha_ema_last": 0.23544226324256934,
    "regul": 0.001820339567758702
  }
}