{
  "optimizer": {
    "lr": 0.00404712091967162
  },
  "strategy": {
    "alpha_ema": 0.019605191944490438,
    "regul": 1.3822343044231944e-05,
    "regul_last": 0.012790837895546135
  }
}