{
  "optimizer": {
    "lr": 0.0005133721212819121
  },
  "strategy": {
    "alpha_ema": 0.0370946798088064,
    "regul": 0.003081082568391129
  }
}