{
  "optimizer": {
    "lr": 2.5443882946428736e-05
  },
  "strategy": {
    "alpha_ema": 0.012950435658658242,
    "regul": 9.731877834564523e-05
  }
}