{
  "optimizer": {
    "lr": 1.9224984587780678e-05
  },
  "strategy": {
    "regul": 0.0006078417002210309
  }
}