{
  "optimizer": {
    "lr": 0.0002564706598043834
  },
  "strategy": {
    "alpha_ema": 0.3389120910091223,
    "alpha_ema_last": 0.030995373607793107,
    "clip": 90720.89530755096,
    "lambda_": 2.9074720757773975,
    "regul": 0.0022454220481370212,
    "regul_last": 0.0004723057060520448
  }
}