{
  "optimizer": {
    "lr": 0.000737611231762964
  },
  "strategy": {
    "alpha_ema": 0.9575944205207719,
    "regul": 4.699814143003064e-05
  }
}