{
  "optimizer": {
    "lr": 0.015716851463329507
  },
  "strategy": {
    "alpha_ema": 0.012492303946597857,
    "regul": 0.0004897767472408287
  }
}