{
  "strategy": {
    "alpha_ema": 0.17459623144263062,
    "clip": 0.36682848911392085,
    "lambda_": 0.011521192890001107,
    "regul": 0.9846662446454102
  }
}