{
  "optimizer": {
    "lr": 0.0007008703662940173
  },
  "strategy": {
    "alpha_ema": 0.11804576469304806,
    "regul": 6.797325852697009e-05
  }
}