{
  "strategy": {
    "alpha_ema": 0.6701407820925454,
    "clip": 0.26867214373159376,
    "lambda_": 0.6917432209829072,
    "regul": 0.28616680851110055
  }
}