{
  "optimizer": {
    "lr": 0.03797649109246959
  },
  "strategy": {
    "regul": 0.0004451979972195074
  }
}