{
  "optimizer": {
    "lr": 8.901766842442125e-05
  },
  "strategy": {
    "alpha_ema": 0.027200646091059065,
    "alpha_ema_last": 0.041019127385055754,
    "regul": 0.007918550233786934
  }
}