{
  "optimizer": {
    "lr": 0.0022399443928067435
  },
  "strategy": {
    "alpha_ema": 0.059307285530932966,
    "regul": 0.002280589311689678
  }
}