{
  "optimizer": {
    "lr": 0.000881795651756498
  },
  "strategy": {
    "alpha_ema": 0.030553756177059396,
    "regul": 0.000952226498466047
  }
}