{
  "optimizer": {
    "lr": 0.007755189588502846
  },
  "strategy": {
    "alpha_ema": 0.3608453916795089,
    "regul": 2.4150386819725964e-05
  }
}