{
  "optimizer": {
    "lr": 0.00018563044578965933
  },
  "strategy": {
    "alpha_ema": 0.3849867960866561,
    "regul": 0.0005711770438708397,
    "regul_last": 0.26290418824782935
  }
}