{
  "optimizer": {
    "lr": 1.046283773870287e-05
  },
  "strategy": {
    "alpha_ema": 0.7036439101188462,
    "regul": 0.0014997979257210937,
    "regul_last": 0.0014561312632921535
  }
}