{
  "optimizer": {
    "lr": 2.2452378414785714e-05
  },
  "strategy": {
    "alpha_ema": 0.32462286128917295,
    "regul": 0.029775807596315606
  }
}