{
  "optimizer": {
    "lr": 0.0002952671506033411
  },
  "strategy": {
    "alpha_ema": 0.03206294409476399,
    "regul": 0.019321132333747784
  }
}