{
  "optimizer": {
    "lr": 0.06524842257298971
  },
  "strategy": {
    "regul": 0.06738087766868821
  }
}