{
  "optimizer": {
    "lr": 0.00028040833464567424
  },
  "strategy": {
    "alpha_ema": 0.014581309642905237,
    "alpha_ema_last": 0.021479228447047104,
    "regul": 0.004204107828072623
  }
}