{
  "strategy": {
    "alpha_ema": 0.13674328770775027,
    "clip": 0.033646971932612874,
    "lambda_": 9.927843034550019,
    "regul": 0.00574771037352358
  }
}