{
  "strategy": {
    "alpha_ema": 0.07321100721561714,
    "alpha_ema_last": 0.1157564441205688,
    "clip": 2.2001748124476146,
    "lambda_": 0.8707445494160704,
    "regul": 0.008334338856521815,
    "regul_last": 0.010902135281515742
  }
}