{
  "strategy": {
    "alpha_ema": 0.3221265654926878,
    "clip": 0.23512040346110208,
    "lambda_": 8.68065484761908,
    "regul": 0.020156453827702238
  }
}