{
  "optimizer": {
    "lr": 0.0007512469494005349
  },
  "strategy": {
    "alpha_ema": 0.4336830192568921,
    "regul": 0.0005732018580859249
  }
}