{
  "optimizer": {
    "lr": 0.0002471235216004895
  },
  "strategy": {
    "alpha_ema": 0.013793349403061836,
    "regul": 0.005560502854960787
  }
}