{
  "optimizer": {
    "lr": 2.3146870167113016e-05
  },
  "strategy": {
    "alpha_ema": 0.09579740212279948,
    "alpha_ema_last": 0.02228692158758537,
    "clip": 28623.92010204706,
    "lambda_": 0.012856075268847654,
    "regul": 0.03805228883943188,
    "regul_last": 0.0007605614500650953
  }
}