{
  "optimizer": {
    "lr": 4.22014739206954e-05
  },
  "strategy": {
    "alpha_ema": 0.23457083799514294,
    "regul": 1.0010525488139152e-05
  }
}