{
  "optimizer": {
    "lr": 0.0009036342661305924
  },
  "strategy": {
    "alpha_ema": 0.019697995352522334,
    "regul": 0.02056264596005308
  }
}