{
  "optimizer": {
    "lr": 1.1766869210307469e-05
  },
  "strategy": {
    "alpha_ema": 0.2507398207332531,
    "regul": 0.053258444577176406
  }
}