{
  "optimizer": {
    "lr": 0.0001317013482132143
  },
  "strategy": {
    "alpha_ema": 0.0226670594231432,
    "regul": 0.0017282935349705792
  }
}