{
  "strategy": {
    "alpha_ema": 0.7467936360430678,
    "clip": 1.5810453355348866,
    "lambda_": 2.5781714553430355,
    "regul": 0.93974524420349
  }
}