{
  "strategy": {
    "alpha_ema": 0.028666337547589998,
    "alpha_ema_last": 0.0538383663077397,
    "clip": 0.9714399338211102,
    "lambda_": 1.7000113695256893,
    "regul": 0.05186462867206923,
    "regul_last": 0.010048387816685364
  }
}