{
  "strategy": {
    "alpha_ema": 0.032301759155940975,
    "clip": 0.8891674230667058,
    "lambda_": 0.06265874247473328,
    "regul": 0.00039527200098224354
  }
}