{
  "optimizer": {
    "lr": 0.00534058066995106
  },
  "strategy": {
    "alpha_ema": 0.012175877396611414,
    "regul": 0.011608614195108162
  }
}