{
  "optimizer": {
    "lr": 0.0002562713191429887
  },
  "strategy": {
    "alpha_ema": 0.07332699221337217,
    "lambda_": 1.0051561080886897,
    "regul": 3.4757558340080183e-05
  }
}