{
  "optimizer": {
    "lr": 0.0012540207574973914
  },
  "strategy": {
    "alpha_ema": 0.5969512834600742,
    "regul": 0.0023216579988705583
  }
}