{
  "optimizer": {
    "lr": 0.029051893175776777
  },
  "strategy": {
    "alpha_ema": 0.06668662536711463,
    "regul": 0.018916385218474056
  }
}