{
  "optimizer": {
    "lr": 0.005207003705535374
  },
  "strategy": {
    "alpha_ema": 0.0128521983032031,
    "regul": 0.009857299260680588
  }
}