{
  "optimizer": {
    "lr": 0.06198355676079824
  },
  "strategy": {
    "alpha_ema": 0.021322993759328095,
    "regul": 0.005977757210397624,
    "regul_last": 0.116237185372586
  }
}