{
  "strategy": {
    "alpha_ema": 0.797676111245202,
    "clip": 1.6405540719814378,
    "lambda_": 0.04013660284309415,
    "regul": 0.07345760249288388
  }
}