{
  "optimizer": {
    "lr": 0.011986561914494324
  },
  "strategy": {
    "alpha_ema": 0.08986409128793477,
    "regul": 0.04197984628536774
  }
}