{
  "strategy": {
    "alpha_ema": 0.018693443441809923,
    "clip": 3.0546756442186656,
    "lambda_": 0.1643614976074437,
    "regul": 0.0012431579215272319
  }
}