{
  "optimizer": {
    "lr": 0.00022727753143967963
  },
  "strategy": {
    "alpha_ema": 0.9270620196251398,
    "alpha_ema_last": 0.017164773024299453,
    "clip": 2.1600075134048904,
    "lambda_": 0.016884449391253612,
    "regul": 0.00030479249380025776,
    "regul_last": 0.06779306008996944
  }
}