{
  "optimizer": {
    "lr": 0.0004058509034354671
  },
  "strategy": {
    "alpha_ema": 0.03428167499344125,
    "lambda_": 0.11015444569311453,
    "regul": 1.0320414592313784e-05
  }
}