{
  "optimizer": {
    "lr": 0.009181683298568681
  },
  "strategy": {
    "alpha_ema": 0.2665479951402668,
    "regul": 0.004876875243155675
  }
}