{
  "optimizer": {
    "lr": 6.333382717822662e-05
  },
  "strategy": {
    "alpha_ema": 0.01972651315714292,
    "alpha_ema_last": 0.07132618259841271,
    "clip": 118.7229808255153,
    "lambda_": 17.269207158691167,
    "regul": 0.009930039811770597,
    "regul_last": 0.054323184661681345
  }
}