{
  "optimizer": {
    "lr": 0.00016728477290866453
  },
  "strategy": {
    "alpha_ema": 0.237375016040146,
    "regul": 1.636064411188472e-05
  }
}