{
  "optimizer": {
    "lr": 3.2458869671229176e-05
  },
  "strategy": {
    "alpha_ema": 0.04117736638846743,
    "alpha_ema_last": 0.010007175789879716,
    "clip": 20988.084673330475,
    "lambda_": 0.6058069750891905,
    "regul": 0.0033356856889908224,
    "regul_last": 0.00032390726855753007
  }
}