{
  "strategy": {
    "alpha_ema": 0.451964968832065,
    "alpha_ema_last": 0.16363091305342845,
    "clip": 0.14673358702422543,
    "lambda_": 0.06009886255767694,
    "regul": 0.00978014308395274,
    "regul_last": 0.0038801976550771034
  }
}