{
  "optimizer": {
    "lr": 0.0004540665442550957
  },
  "strategy": {
    "alpha_ema": 0.6325956136587844,
    "alpha_ema_last": 0.03730981629705019,
    "clip": 19282.08385073811,
    "lambda_": 0.46113045673558334,
    "regul": 0.0021060771598967734,
    "regul_last": 0.001791124195497525
  }
}