{
  "optimizer": {
    "lr": 0.09712149361588439
  },
  "strategy": {
    "alpha_ema": 0.03460926700118979,
    "regul": 9.785968847887765e-05
  }
}