{
  "strategy": {
    "alpha_ema": 0.22223629872570047,
    "clip": 4.040957622825596,
    "lambda_": 0.05324524165408566,
    "regul": 0.029223017886525433
  }
}