{
  "optimizer": {
    "lr": 7.128639029826573e-05
  },
  "strategy": {
    "regul": 0.0014538111552326372
  }
}