{
  "strategy": {
    "alpha_ema": 0.16521035349921406,
    "clip": 3.386310059744997,
    "lambda_": 1.4678267241944933,
    "regul": 0.00020834103884775313
  }
}