{
  "optimizer": {
    "lr": 0.011943258252561453
  },
  "strategy": {
    "alpha_ema": 0.06422997924385523,
    "regul": 0.0077059498718172505
  }
}