{
  "strategy": {
    "alpha_ema": 0.926753344722633,
    "clip": 0.27050808544654725,
    "lambda_": 0.578263200639747,
    "regul": 0.0001087948475982177
  }
}