{
  "optimizer": {
    "lr": 0.0021269706847753763
  },
  "strategy": {
    "alpha_ema": 0.010377842494399417,
    "regul": 0.04848052883593243,
    "regul_last": 1.8938021146179514e-05
  }
}