{
  "optimizer": {
    "lr": 0.017802194561391555
  },
  "strategy": {
    "alpha_ema": 0.45033405760616146,
    "alpha_ema_last": 0.15861862542651972,
    "clip": 1290.7463303578359,
    "lambda_": 2.2178315858646607,
    "regul": 0.3016886159726994,
    "regul_last": 0.006590504370639399
  }
}