{
  "optimizer": {
    "lr": 2.2543754985428668e-05
  },
  "strategy": {
    "alpha_ema": 0.016412475523586996,
    "regul": 0.006041238647183431
  }
}