{
  "optimizer": {
    "lr": 0.0002725086145443033
  },
  "strategy": {
    "alpha_ema": 0.839430421612914,
    "regul": 0.0022952714550559987
  }
}