{
  "optimizer": {
    "lr": 0.0001928956216326957
  },
  "strategy": {
    "regul": 0.015085603770103505
  }
}