{
  "optimizer": {
    "lr": 1.8324138480722104e-05
  },
  "strategy": {
    "alpha_ema": 0.07512362375913974,
    "regul": 4.0320921777228e-05
  }
}