{
  "optimizer": {
    "lr": 0.0032069169172297195
  },
  "strategy": {
    "alpha_ema": 0.6867998945803739,
    "lambda_": 1.2426688686075786,
    "regul": 0.21964145013666633
  }
}