{
  "optimizer": {
    "lr": 4.289747516803434e-05
  },
  "strategy": {
    "regul": 0.031223111812730842
  }
}