{
  "optimizer": {
    "lr": 0.0004998785448410003
  },
  "strategy": {
    "alpha_ema": 0.17640037035640624,
    "regul": 0.054919410061530304
  }
}