{
  "optimizer": {
    "lr": 1.3545123116409994e-05
  },
  "strategy": {
    "alpha_ema": 0.1348430106218419,
    "lambda_": 5.00629403700884,
    "regul": 0.01809411237665197
  }
}