{
  "optimizer": {
    "lr": 0.03460000599335317
  },
  "strategy": {
    "alpha_ema": 0.042146997209853036,
    "regul": 0.00014852450631038986,
    "regul_last": 0.010922372301712703
  }
}