{
  "optimizer": {
    "lr": 0.00013145329798768042
  },
  "strategy": {
    "alpha_ema": 0.019882541134639328,
    "regul": 3.972600781284789e-05
  }
}