{
  "strategy": {
    "alpha_ema": 0.033741115644808015,
    "clip": 1.3442062444843315,
    "lambda_": 0.5909350141290357,
    "regul": 0.2340003616345293
  }
}