{
  "optimizer": {
    "lr": 0.010608012954782337
  },
  "strategy": {
    "alpha_ema": 0.1685235242044038,
    "regul": 3.897935998633688e-05
  }
}