{
  "strategy": {
    "alpha_ema": 0.32739281451618085,
    "alpha_ema_last": 0.07884767161023601,
    "clip": 8.33635633608444,
    "lambda_": 0.17091462603960084,
    "regul": 0.0003368545728407151,
    "regul_last": 0.2844235495075632
  }
}