{
  "optimizer": {
    "lr": 0.00953355601591738
  },
  "strategy": {
    "alpha_ema": 0.3992367351679948,
    "regul": 0.0899256452664717
  }
}