{
  "optimizer": {
    "lr": 6.570441108074686e-05
  },
  "strategy": {
    "alpha_ema": 0.11390010014429482,
    "lambda_": 0.015822716137807932,
    "regul": 2.333383272397259e-05
  }
}