{
  "optimizer": {
    "lr": 0.0009583668892492431
  },
  "strategy": {
    "alpha_ema": 0.6882516764016258,
    "regul": 2.657566597980647e-05
  }
}