{
  "optimizer": {
    "lr": 6.208601666164118e-05
  },
  "strategy": {
    "regul": 0.12726309516337575
  }
}