{
  "optimizer": {
    "lr": 0.002453473569774721
  },
  "strategy": {
    "alpha_ema": 0.0374246516613611,
    "regul": 0.00012516730349961092,
    "regul_last": 0.009175145174877622
  }
}