{
  "optimizer": {
    "lr": 0.09395813569383864
  },
  "strategy": {
    "alpha_ema": 0.1091669098050848,
    "regul": 0.00019910622606179136
  }
}