{
  "optimizer": {
    "lr": 0.0013179628839468677
  },
  "strategy": {
    "regul": 0.20568849653855345
  }
}