{
  "optimizer": {
    "lr": 0.024759417035997617
  },
  "strategy": {
    "alpha_ema": 0.3251771513653481,
    "regul": 0.00033541185583981463
  }
}