{
  "optimizer": {
    "lr": 0.0001640820785345584
  },
  "strategy": {
    "alpha_ema": 0.17701451954266623,
    "regul": 1.044549409547153e-05
  }
}