{
  "optimizer": {
    "lr": 0.0009705342256526576
  },
  "strategy": {
    "alpha_ema": 0.029187407853885638,
    "alpha_ema_last": 0.05785034142353249,
    "clip": 2372.3870531787898,
    "lambda_": 0.027085629089209244,
    "regul": 0.0002605449886311221,
    "regul_last": 0.008122138853842421
  }
}