{
  "optimizer": {
    "lr": 0.0029710464621249683
  },
  "strategy": {
    "regul": 0.17498702544118114
  }
}