{
  "optimizer": {
    "lr": 0.0005170407147045262
  },
  "strategy": {
    "alpha_ema": 0.02887307463561591,
    "regul": 0.003618113667540826,
    "regul_last": 0.9133569118255735
  }
}