{
  "optimizer": {
    "lr": 0.00036776903876425905
  },
  "strategy": {
    "regul": 0.251658671985038
  }
}