{
  "optimizer": {
    "lr": 0.0012057399936931472
  },
  "strategy": {
    "alpha_ema": 0.029001949246146585,
    "regul": 0.0004154385376534145
  }
}