{
  "optimizer": {
    "lr": 0.00012075445675250209
  },
  "strategy": {
    "alpha_ema": 0.057417112103489966,
    "regul": 0.006890737358169585
  }
}