{
  "optimizer": {
    "lr": 0.02459460290559774
  },
  "strategy": {
    "alpha_ema": 0.0581200736292933,
    "regul": 0.01183746547918281,
    "regul_last": 0.002815439762423727
  }
}