{
  "optimizer": {
    "lr": 0.00048560727774667574
  },
  "strategy": {
    "alpha_ema": 0.10464054932882319,
    "regul": 0.04509933866961234
  }
}