{
  "optimizer": {
    "lr": 0.0006193988252942238
  },
  "strategy": {
    "alpha_ema": 0.06327938442257751,
    "regul": 1.2671643062833168e-05
  }
}