{
  "strategy": {
    "alpha_ema": 0.013105704989527556,
    "clip": 0.830882279084592,
    "lambda_": 2.662829407021122,
    "regul": 0.011007327471289931
  }
}