{
  "optimizer": {
    "lr": 0.0007839263470051427
  },
  "strategy": {
    "alpha_ema": 0.084867119252115,
    "regul": 0.0003617963009946552
  }
}