{
  "optimizer": {
    "lr": 0.005253423430856958
  },
  "strategy": {
    "alpha_ema": 0.9850611354770467,
    "lambda_": 4.210952862773602,
    "regul": 0.04780228104666127
  }
}