{
  "optimizer": {
    "lr": 0.0036921320550662128
  },
  "strategy": {
    "alpha_ema": 0.03843247133918245,
    "alpha_ema_last": 0.10782599033740506,
    "regul": 0.0008247245649865576
  }
}