{
  "optimizer": {
    "lr": 0.00189616637530708
  },
  "strategy": {
    "alpha_ema": 0.086746429898162,
    "regul": 0.0019780780158095194
  }
}