{
  "optimizer": {
    "lr": 0.002957389202877021
  },
  "strategy": {
    "regul": 0.006858910929888884
  }
}