{
  "strategy": {
    "alpha_ema": 0.15162069672658304,
    "alpha_ema_last": 0.5228049167508071,
    "clip": 0.2251908859960449,
    "lambda_": 0.012974345950884559,
    "regul": 0.0002870611607650401,
    "regul_last": 0.002545545313234143
  }
}