{
  "optimizer": {
    "lr": 0.0005716294476848116
  },
  "strategy": {
    "alpha_ema": 0.020499174242539407,
    "lambda_": 0.015681790410727973,
    "regul": 0.023523733351583944
  }
}