{
  "optimizer": {
    "lr": 0.00034828426909053027
  },
  "strategy": {
    "alpha_ema": 0.18826792886409616,
    "lambda_": 0.8250905531306186,
    "regul": 0.005060053946091776
  }
}