{
  "optimizer": {
    "lr": 0.0021847728947311713
  },
  "strategy": {
    "alpha_ema": 0.01795562218032784,
    "regul": 0.0005644392893135893
  }
}