{
  "optimizer": {
    "lr": 0.002507621145692175
  },
  "strategy": {
    "alpha_ema": 0.6896974904675982,
    "alpha_ema_last": 0.25638262887925445,
    "regul": 0.00033288527790214915
  }
}