{
  "optimizer": {
    "lr": 0.0009220967319929802
  },
  "strategy": {
    "alpha_ema": 0.3952208518233218,
    "regul": 0.0012176226450423308
  }
}