{
  "strategy": {
    "alpha_ema": 0.01823089934168908,
    "alpha_ema_last": 0.16000074685619453,
    "clip": 3.2705337815104922,
    "lambda_": 0.011154590995127502,
    "regul": 0.0016164193733977808,
    "regul_last": 0.0015376820838271122
  }
}