{
  "optimizer": {
    "lr": 0.005693976324393864
  },
  "strategy": {
    "alpha_ema": 0.03582533292733581,
    "lambda_": 0.030058060115509204,
    "regul": 0.06752512783489682
  }
}