{
  "strategy": {
    "alpha_ema": 0.21494064658701423,
    "alpha_ema_last": 0.6093366939604599,
    "clip": 0.10978669065785138,
    "lambda_": 0.793571443332552,
    "regul": 0.011245487743244974,
    "regul_last": 0.008339412811652678
  }
}