{
  "optimizer": {
    "lr": 0.002017647880016297
  },
  "strategy": {
    "alpha_ema": 0.060646944873851215,
    "alpha_ema_last": 0.0635912082315569,
    "clip": 4308.533989379198,
    "lambda_": 0.19855052360370873,
    "regul": 0.001882770303276723,
    "regul_last": 0.0019832173414126696
  }
}