{
  "optimizer": {
    "lr": 0.00030920744302931124
  },
  "strategy": {
    "alpha_ema": 0.01551502982301378,
    "lambda_": 0.04281559371461093,
    "regul": 0.007806200383640789
  }
}