{
  "optimizer": {
    "lr": 0.011137245531836424
  },
  "strategy": {
    "alpha_ema": 0.025560919394835496,
    "regul": 0.007801578374094335
  }
}