{
  "optimizer": {
    "lr": 0.07009727809133556
  },
  "strategy": {
    "alpha_ema": 0.026459179488042973,
    "regul": 0.0009023857628608648
  }
}