{
  "optimizer": {
    "lr": 0.00032865014233945906
  },
  "strategy": {
    "alpha_ema": 0.28216560928158313,
    "regul": 3.36348928159477e-05
  }
}