{
  "optimizer": {
    "lr": 0.00011868962325133047
  },
  "strategy": {
    "alpha_ema": 0.9649581582322068,
    "regul": 0.0003865437914198265
  }
}