{
  "optimizer": {
    "lr": 0.0018683480632486166
  },
  "strategy": {
    "alpha_ema": 0.2586886082363411,
    "regul": 0.018075739766126607
  }
}