{
  "optimizer": {
    "lr": 0.002261147049851522
  },
  "strategy": {
    "alpha_ema": 0.028578649724891325,
    "lambda_": 1.461270545257792,
    "regul": 0.007242960656148304
  }
}