{
  "optimizer": {
    "lr": 0.0005526920220335558
  },
  "strategy": {
    "alpha_ema": 0.04485096141151761,
    "regul": 0.002488371555618204
  }
}