{
  "optimizer": {
    "lr": 0.0027081186990381046
  },
  "strategy": {
    "alpha_ema": 0.09624867260263235,
    "regul": 0.00015039926835159096
  }
}