{
  "optimizer": {
    "lr": 0.07705368852574242
  },
  "strategy": {
    "regul": 0.0010000145480384148
  }
}