{
  "strategy": {
    "alpha_ema": 0.08572756019003483,
    "clip": 0.6922603289775325,
    "lambda_": 0.6903903135626512,
    "regul": 0.00018201736005786406
  }
}