{
  "optimizer": {
    "lr": 0.0013226283821526034
  },
  "strategy": {
    "alpha_ema": 0.04452294650937676,
    "regul": 0.00026935641131625926
  }
}