{
  "optimizer": {
    "lr": 0.004138834287777546
  },
  "strategy": {
    "alpha_ema": 0.010041516597543838,
    "regul": 0.00014577623250984335
  }
}