{
  "optimizer": {
    "lr": 0.056878906632682996
  },
  "strategy": {
    "alpha_ema": 0.02417931550532939,
    "regul": 0.003702848346390631
  }
}