{
  "optimizer": {
    "lr": 9.845725273736654e-05
  },
  "strategy": {
    "alpha_ema": 0.34478165086940343,
    "lambda_": 1.3051952107610643,
    "regul": 1.228906286986259e-05
  }
}