{
  "optimizer": {
    "lr": 0.00024358093770965482
  },
  "strategy": {
    "alpha_ema": 0.3455377557638703,
    "regul": 0.0055446916069150105,
    "regul_last": 0.01908814800805118
  }
}