{
  "optimizer": {
    "lr": 7.347620784291527e-05
  },
  "strategy": {
    "alpha_ema": 0.07137469512409393,
    "regul": 2.5511698074422015e-05
  }
}