{
  "optimizer": {
    "lr": 0.0007409396902018296
  },
  "strategy": {
    "alpha_ema": 0.21355533128779494,
    "regul": 0.01878280178823172
  }
}