{
  "optimizer": {
    "lr": 0.0010281904113960088
  },
  "strategy": {
    "alpha_ema": 0.16376698036375897,
    "lambda_": 2.012843731002265,
    "regul": 0.12615032082734862
  }
}