{
  "optimizer": {
    "lr": 0.0009356830537377585
  },
  "strategy": {
    "alpha_ema": 0.048065419400792946,
    "regul": 8.291112618230075e-05
  }
}