{
  "optimizer": {
    "lr": 0.0729381379445013
  },
  "strategy": {
    "alpha_ema": 0.6775843673556914,
    "regul": 2.950200891956578e-05
  }
}