{
  "optimizer": {
    "lr": 0.09652955835210415
  },
  "strategy": {
    "alpha_ema": 0.012911880448518057,
    "lambda_": 0.5181038494436276,
    "regul": 1.0583478101973884e-05
  }
}