{
  "optimizer": {
    "lr": 0.007830648163044227
  },
  "strategy": {
    "alpha_ema": 0.1823060653793334,
    "lambda_": 0.015442829200098172,
    "regul": 0.00014120485161074226
  }
}