{
  "optimizer": {
    "lr": 0.0001737055365487132
  },
  "strategy": {
    "alpha_ema": 0.19583041347158603,
    "regul": 0.0017668062483721203
  }
}