{
  "optimizer": {
    "lr": 0.0004340584434545315
  },
  "strategy": {
    "alpha_ema": 0.3354078743090885,
    "regul": 0.008127229275463329
  }
}