{
  "optimizer": {
    "lr": 0.0008035399063002791
  },
  "strategy": {
    "alpha_ema": 0.8005235937138936,
    "lambda_": 1.8789929460259898,
    "regul": 0.05304052560855362
  }
}