{
  "optimizer": {
    "lr": 0.003387234160847884
  },
  "strategy": {
    "alpha_ema": 0.49613070332437903,
    "regul": 2.99186800485986e-05,
    "regul_last": 0.0014499316393499202
  }
}