{
  "optimizer": {
    "lr": 0.000253672306490451
  },
  "strategy": {
    "alpha_ema": 0.12785992119324122,
    "regul": 3.559879912489486e-05
  }
}