{
  "strategy": {
    "alpha_ema": 0.07994853162006808,
    "clip": 0.12823256010627684,
    "lambda_": 9.468677108757175,
    "regul": 0.017430856505362514
  }
}