{
  "strategy": {
    "alpha_ema": 0.04928503885778727,
    "alpha_ema_last": 0.4051558704298511,
    "clip": 1.9350363305016698,
    "lambda_": 0.3797484206011333,
    "regul": 0.03812030391171426,
    "regul_last": 0.4529170134369866
  }
}