{
  "optimizer": {
    "lr": 0.03192748866186276
  },
  "strategy": {
    "alpha_ema": 0.36118152174836277,
    "regul": 4.882728459652969e-05
  }
}