{
  "optimizer": {
    "lr": 7.18532444635838e-05
  },
  "strategy": {
    "alpha_ema": 0.30735738072663077,
    "regul": 0.0020180256664789854
  }
}