{
  "optimizer": {
    "lr": 0.03024971167063996
  },
  "strategy": {
    "alpha_ema": 0.9225158210418727,
    "regul": 0.00015952030106744866
  }
}