{
  "strategy": {
    "alpha_ema": 0.02622997502793421,
    "clip": 0.11095304016270709,
    "lambda_": 2.7174768132002804,
    "regul": 0.1914446543008945
  }
}