{
  "optimizer": {
    "lr": 0.0004977628508599123
  },
  "strategy": {
    "alpha_ema": 0.9702404385428297,
    "lambda_": 7.793933668480431,
    "regul": 0.011529659397517234
  }
}