{
  "optimizer": {
    "lr": 0.0020788963040476163
  },
  "strategy": {
    "alpha_ema": 0.029272077173632626,
    "regul": 0.00015284973740124213
  }
}