{
  "optimizer": {
    "lr": 3.510565460968464e-05
  },
  "strategy": {
    "alpha_ema": 0.28190470938672796,
    "lambda_": 9.482432139948209,
    "regul": 0.026876925586361473
  }
}