{
  "optimizer": {
    "lr": 0.0002925348860035666
  },
  "strategy": {
    "regul": 0.020990504716982626
  }
}