{
  "optimizer": {
    "lr": 0.0005324990274609001
  },
  "strategy": {
    "alpha_ema": 0.11451054442925623,
    "regul": 0.00011371780262894144
  }
}