{
  "optimizer": {
    "lr": 0.002613175103385277
  },
  "strategy": {
    "alpha_ema": 0.08065604273627715,
    "regul": 0.0005334207175960242
  }
}