{
  "strategy": {
    "alpha_ema": 0.3780787872907843,
    "alpha_ema_last": 0.10408778025492299,
    "clip": 1.697051396685421,
    "lambda_": 0.09063601760451392,
    "regul": 0.0005331610099374732,
    "regul_last": 0.0033069319502656604
  }
}