{
  "optimizer": {
    "lr": 0.006785442437958892
  },
  "strategy": {
    "alpha_ema": 0.030696779850532607,
    "regul": 1.9692648997718807e-05,
    "regul_last": 0.042372711270047964
  }
}