{
  "optimizer": {
    "lr": 0.0005748282904905541
  },
  "strategy": {
    "alpha_ema": 0.06430409389961782,
    "regul": 6.219465641307625e-05
  }
}