{
  "optimizer": {
    "lr": 0.0041308982572525535
  },
  "strategy": {
    "alpha_ema": 0.18092341548300045,
    "lambda_": 0.02667647607606439,
    "regul": 0.00017123093337643322
  }
}