{
  "optimizer": {
    "lr": 0.000290928523707708
  },
  "strategy": {
    "alpha_ema": 0.019510768938370674,
    "regul": 0.00010505170190308217,
    "regul_last": 0.03630653104439956
  }
}