{
  "strategy": {
    "alpha_ema": 0.7798103491357503,
    "clip": 4.340064899240195,
    "lambda_": 0.035249016413290764,
    "regul": 0.05721989773191196
  }
}