{
  "optimizer": {
    "lr": 0.00011868286193702817
  },
  "strategy": {
    "alpha_ema": 0.04214547814591023,
    "lambda_": 0.19117331430059445,
    "regul": 0.06855865892586112
  }
}