{
  "optimizer": {
    "lr": 0.002201288965231388
  },
  "strategy": {
    "alpha_ema": 0.22243084104860333,
    "lambda_": 0.1412579958879758,
    "regul": 0.011115442796265012
  }
}