{
  "strategy": {
    "alpha_ema": 0.4410843763646622,
    "clip": 3.756182983992624,
    "lambda_": 0.2818171804496132,
    "regul": 0.3311221479233858
  }
}