{
  "strategy": {
    "alpha_ema": 0.11395286696387256,
    "alpha_ema_last": 0.39977196255531816,
    "clip": 0.18412994625866072,
    "lambda_": 1.9306091574344204,
    "regul": 0.0012330615103226924,
    "regul_last": 0.006344848385760166
  }
}