{
  "optimizer": {
    "lr": 0.00119975933033704
  },
  "strategy": {
    "alpha_ema": 0.05210536523838047,
    "regul": 0.000871297565011705
  }
}