{
  "optimizer": {
    "lr": 0.0004747224532329125
  },
  "strategy": {
    "alpha_ema": 0.011483614005642049,
    "regul": 0.006183685570553522,
    "regul_last": 0.0007827534417802869
  }
}