{
  "optimizer": {
    "lr": 0.006479599537524734
  },
  "strategy": {
    "alpha_ema": 0.07558341534968864,
    "regul": 0.0006349521789786541
  }
}