{
  "optimizer": {
    "lr": 0.0003082313633935122
  },
  "strategy": {
    "alpha_ema": 0.039426788691717514,
    "regul": 0.0019372731642993896
  }
}