{
  "optimizer": {
    "lr": 0.002016196398596005
  },
  "strategy": {
    "alpha_ema": 0.20605895117455425,
    "regul": 2.0291637364510632e-05,
    "regul_last": 0.0288175534792459
  }
}