{
  "optimizer": {
    "lr": 0.0005663587085425135
  },
  "strategy": {
    "alpha_ema": 0.22064886504062617,
    "regul": 1.3685749277870975e-05
  }
}