{
  "optimizer": {
    "lr": 0.00038697760939443877
  },
  "strategy": {
    "alpha_ema": 0.40243049129158365,
    "regul": 0.014099481648870753
  }
}