{
  "optimizer": {
    "lr": 0.008567108223924891
  },
  "strategy": {
    "alpha_ema": 0.040596899670499294,
    "regul": 0.0002970794944403977
  }
}