{
  "optimizer": {
    "lr": 6.789036520445648e-05
  },
  "strategy": {
    "alpha_ema": 0.11599628610755293,
    "regul": 0.0008419459588183518,
    "regul_last": 0.0035767815917231603
  }
}