{
  "optimizer": {
    "lr": 4.996902927416309e-05
  },
  "strategy": {
    "alpha_ema": 0.05044088916504887,
    "alpha_ema_last": 0.3184950731094276,
    "clip": 144.1043602172008,
    "lambda_": 1.4617751652916253,
    "regul": 0.00013376298020122127,
    "regul_last": 0.33552117558977934
  }
}