{
  "optimizer": {
    "lr": 0.014053120479852611
  },
  "strategy": {
    "alpha_ema": 0.06429469060405081,
    "regul": 1.1997657995126349e-05,
    "regul_last": 0.025929664989824002
  }
}