{
  "optimizer": {
    "lr": 0.00041741356528161687
  },
  "strategy": {
    "alpha_ema": 0.1925858236504941,
    "regul": 8.589352847441982e-05
  }
}