{
  "optimizer": {
    "lr": 0.0006933029804873756
  },
  "strategy": {
    "alpha_ema": 0.014649232867005013,
    "regul": 0.004620827514782171
  }
}