{
  "optimizer": {
    "lr": 0.001454017146024198
  },
  "strategy": {
    "alpha_ema": 0.620157321848829,
    "regul": 3.797316451773436e-05
  }
}