{
  "optimizer": {
    "lr": 0.0007262611210774256
  },
  "strategy": {
    "alpha_ema": 0.3563775750477595,
    "regul": 0.00014984719217433479
  }
}