{
  "optimizer": {
    "lr": 0.0003587256125333209
  },
  "strategy": {
    "alpha_ema": 0.09542527485579874,
    "regul": 5.888402956595531e-05
  }
}