{
  "optimizer": {
    "lr": 0.003925314456551187
  },
  "strategy": {
    "alpha_ema": 0.0233468443711675,
    "regul": 0.00048191946292844767
  }
}