{
  "optimizer": {
    "lr": 6.660820666490563e-05
  },
  "strategy": {
    "alpha_ema": 0.02028845376953115,
    "alpha_ema_last": 0.25826224397525005,
    "clip": 11907.948148309415,
    "lambda_": 4.691664020853921,
    "regul": 0.04357839998489225,
    "regul_last": 0.020042999683162994
  }
}