{
  "optimizer": {
    "lr": 5.7621344367167875e-05
  },
  "strategy": {
    "alpha_ema": 0.11524509508230482,
    "regul": 1.9162761126101504e-05
  }
}