{
  "optimizer": {
    "lr": 0.0044182457483359075
  },
  "strategy": {
    "regul": 0.8067000614287752
  }
}