{
  "optimizer": {
    "lr": 2.29777889867165e-05
  },
  "strategy": {
    "alpha_ema": 0.49566654594143267,
    "regul": 0.001069694184462068
  }
}