{
  "optimizer": {
    "lr": 0.0003468036398072936
  },
  "strategy": {
    "alpha_ema": 0.7394923726536073,
    "regul": 0.00025816524042944884,
    "regul_last": 0.4849514138443631
  }
}