{
  "optimizer": {
    "lr": 4.6994647349202174e-05
  },
  "strategy": {
    "alpha_ema": 0.0353523753403023,
    "regul": 2.194248551195519e-05
  }
}