{
  "strategy": {
    "alpha_ema": 0.05462716205903211,
    "clip": 2.6770974871509683,
    "lambda_": 0.16594049335717492,
    "regul": 0.9771581757333645
  }
}