{
  "optimizer": {
    "lr": 0.00047536812369475094
  },
  "strategy": {
    "alpha_ema": 0.5190298454276925,
    "regul": 2.1255561222200246e-05
  }
}