{
  "optimizer": {
    "lr": 0.0419233272544559
  },
  "strategy": {
    "alpha_ema": 0.08473556980847326,
    "regul": 0.08648206789600943
  }
}