{
  "optimizer": {
    "lr": 0.03144713372556847
  },
  "strategy": {
    "alpha_ema": 0.022699484069040148,
    "regul": 0.028783142104018562
  }
}