{
  "optimizer": {
    "lr": 0.0018168477976464442
  },
  "strategy": {
    "alpha_ema": 0.010955211432828597,
    "regul": 0.0005137439786185618
  }
}