{
  "optimizer": {
    "lr": 0.00021176554698408006
  },
  "strategy": {
    "alpha_ema": 0.25803725820338247,
    "alpha_ema_last": 0.011803894380753499,
    "clip": 9846.835927969116,
    "lambda_": 0.29908460611146004,
    "regul": 0.015225136394564374,
    "regul_last": 0.00024392104182773173
  }
}