{
  "optimizer": {
    "lr": 0.0017034432034720055
  },
  "strategy": {
    "alpha_ema": 0.0209007833395735,
    "regul": 9.802435347442719e-05
  }
}