{
  "optimizer": {
    "lr": 0.00928702737392081
  },
  "strategy": {
    "alpha_ema": 0.3544534576164483,
    "regul": 0.00022882429831342223
  }
}