{
  "optimizer": {
    "lr": 0.012804281692121566
  },
  "strategy": {
    "alpha_ema": 0.04703237135774231,
    "lambda_": 0.14764517480950776,
    "regul": 1.609567412011145e-05
  }
}