{
  "optimizer": {
    "lr": 0.009637389738035176
  },
  "strategy": {
    "alpha_ema": 0.01559033737502847,
    "regul": 0.04879120316469879
  }
}