{
  "optimizer": {
    "lr": 0.008099399641199767
  },
  "strategy": {
    "alpha_ema": 0.0867729111522238,
    "regul": 6.448940402399128e-05,
    "regul_last": 0.01908257048790307
  }
}