{
  "optimizer": {
    "lr": 0.05067567177691977
  },
  "strategy": {
    "alpha_ema": 0.6498362320901987,
    "regul": 0.00023967784453003536
  }
}