{
  "optimizer": {
    "lr": 7.229488455095811e-05
  },
  "strategy": {
    "alpha_ema": 0.7255101564015334,
    "regul": 6.944845315323435e-05
  }
}