{
  "optimizer": {
    "lr": 0.00010381454138380509
  },
  "strategy": {
    "alpha_ema": 0.01810193087454235,
    "regul": 0.000590207943170479
  }
}