{
  "optimizer": {
    "lr": 0.006137387265080506
  },
  "strategy": {
    "alpha_ema": 0.15771626869440658,
    "regul": 0.0049777405984206295
  }
}