{
  "strategy": {
    "alpha_ema": 0.1951943953618183,
    "alpha_ema_last": 0.08926167960059955,
    "clip": 18.98077535349109,
    "lambda_": 3.820855670782613,
    "regul": 0.0014434245147629263,
    "regul_last": 0.0031308601331604875
  }
}