{
  "optimizer": {
    "lr": 0.020562136732037276
  },
  "strategy": {
    "alpha_ema": 0.01906220855104391,
    "regul": 0.003368686116659606
  }
}