{
  "strategy": {
    "alpha_ema": 0.313900862164559,
    "clip": 3.3696175919492166,
    "lambda_": 0.24382082942970587,
    "regul": 0.5903432089110184
  }
}