{
  "optimizer": {
    "lr": 0.004875818170012942
  },
  "strategy": {
    "alpha_ema": 0.025754822944124553,
    "alpha_ema_last": 0.130517108248318,
    "clip": 857.3852890715484,
    "lambda_": 8.507714974961209,
    "regul": 0.08468055674181235,
    "regul_last": 0.14224551528055154
  }
}