{
  "strategy": {
    "alpha_ema": 0.5753622462350584,
    "clip": 0.42029630264146656,
    "lambda_": 9.999941035112247,
    "regul": 0.07833439940392639
  }
}