{
  "optimizer": {
    "lr": 6.999455401900807e-05
  },
  "strategy": {
    "alpha_ema": 0.2560034299838927,
    "regul": 0.0012757036378671612
  }
}