{
  "optimizer": {
    "lr": 0.006405414329689874
  },
  "strategy": {
    "alpha_ema": 0.6856827265185684,
    "regul": 0.004406287978833293
  }
}