{
  "optimizer": {
    "lr": 0.0006236102731908914
  },
  "strategy": {
    "alpha_ema": 0.06210675319313166,
    "lambda_": 0.08972728155446587,
    "regul": 1.5998775338405687e-05
  }
}