{
  "optimizer": {
    "lr": 0.0005564556209423679
  },
  "strategy": {
    "alpha_ema": 0.14225405316074302,
    "regul": 0.00027804913828629777,
    "regul_last": 0.00011412180219183027
  }
}