{
  "optimizer": {
    "lr": 0.0020784088502530645
  },
  "strategy": {
    "alpha_ema": 0.5474101031653573,
    "regul": 0.04562134429827412
  }
}