{
  "optimizer": {
    "lr": 1.5004444358979277e-05
  },
  "strategy": {
    "alpha_ema": 0.026088037833717704,
    "regul": 0.004128214375696
  }
}