{
  "optimizer": {
    "lr": 0.00041131951371708265
  },
  "strategy": {
    "alpha_ema": 0.5827002748664964,
    "regul": 0.006571649436419154
  }
}