{
  "strategy": {
    "alpha_ema": 0.921083780334387,
    "clip": 1.672668143182736,
    "lambda_": 0.33044478799286925,
    "regul": 0.9227817469744551
  }
}