{
  "optimizer": {
    "lr": 7.401630229685444e-05
  },
  "strategy": {
    "alpha_ema": 0.03230629797598221,
    "regul": 0.0009817609137117754
  }
}