{
  "optimizer": {
    "lr": 0.0005309357071314847
  },
  "strategy": {
    "alpha_ema": 0.40499849675156635,
    "lambda_": 3.6004108124665213,
    "regul": 0.016080201115033655
  }
}