{
  "optimizer": {
    "lr": 3.1031737266864904e-05
  },
  "strategy": {
    "alpha_ema": 0.3549718136256458,
    "regul": 0.06062617863622551
  }
}