{
  "optimizer": {
    "lr": 0.003391520981070694
  },
  "strategy": {
    "alpha_ema": 0.04606717493579367,
    "regul": 0.0040866059973117125,
    "regul_last": 0.00024175924979240437
  }
}