{
  "optimizer": {
    "lr": 0.00011457484589485037
  },
  "strategy": {
    "alpha_ema": 0.5576168273741147,
    "regul": 0.007797911407301684
  }
}