{
  "optimizer": {
    "lr": 2.2166612226195783e-05
  },
  "strategy": {
    "regul": 0.15950365933907928
  }
}