{
  "optimizer": {
    "lr": 0.0017439753350730399
  },
  "strategy": {
    "alpha_ema": 0.011537302990669981,
    "alpha_ema_last": 0.8802622069203863,
    "regul": 0.00022627534852490198
  }
}