{
  "strategy": {
    "alpha_ema": 0.35031233072249934,
    "clip": 3.3977309026871967,
    "lambda_": 0.03143933552124559,
    "regul": 0.006859293907200843
  }
}