{
  "optimizer": {
    "lr": 0.00010749393130932275
  },
  "strategy": {
    "alpha_ema": 0.21494077731506606,
    "alpha_ema_last": 0.03641885936050424,
    "regul": 0.00011744360348791278
  }
}