{
  "optimizer": {
    "lr": 0.027653787481853542
  },
  "strategy": {
    "alpha_ema": 0.01553513540337687,
    "regul": 0.018560782249214234,
    "regul_last": 0.00468807764212059
  }
}