{
  "optimizer": {
    "lr": 0.0005922801985159132
  },
  "strategy": {
    "alpha_ema": 0.031315374694489244,
    "regul": 0.00329904645899475
  }
}