{
  "optimizer": {
    "lr": 0.0012255776726651467
  },
  "strategy": {
    "alpha_ema": 0.17120666255017353,
    "regul": 0.07379525938775221
  }
}