{
  "optimizer": {
    "lr": 7.819712409930177e-05
  },
  "strategy": {
    "alpha_ema": 0.02884345139373178,
    "alpha_ema_last": 0.3218558323848436,
    "regul": 0.009802052105302096
  }
}