{
  "optimizer": {
    "lr": 7.6936393816253e-05
  },
  "strategy": {
    "regul": 1.6512880265937416e-05
  }
}