{
  "optimizer": {
    "lr": 0.0052493569272897885
  },
  "strategy": {
    "alpha_ema": 0.23026489887665894,
    "alpha_ema_last": 0.9258182215858848,
    "clip": 9.206544030009702,
    "lambda_": 0.034146221742103564,
    "regul": 0.0065713119485714955,
    "regul_last": 0.09938139524413818
  }
}