{
  "optimizer": {
    "lr": 0.0065152943131380455
  },
  "strategy": {
    "alpha_ema": 0.048261386400195644,
    "regul": 0.08458696635102025
  }
}