{
  "optimizer": {
    "lr": 4.782637176341432e-05
  },
  "strategy": {
    "regul": 0.0001473468045191841
  }
}