{
  "optimizer": {
    "lr": 7.33754901071936e-05
  },
  "strategy": {
    "alpha_ema": 0.21385970105150456,
    "regul": 0.0024053794086057426
  }
}