{
  "optimizer": {
    "lr": 0.0009212948830179155
  },
  "strategy": {
    "regul": 0.001033891292575369
  }
}