{
  "strategy": {
    "alpha_ema": 0.20039336373029548,
    "clip": 1.8774798316331964,
    "lambda_": 0.30467827498789873,
    "regul": 0.9844097932596988
  }
}