{
  "optimizer": {
    "lr": 5.1221710550090496e-05
  },
  "strategy": {
    "alpha_ema": 0.026218796378460474,
    "regul": 0.01028959612598868
  }
}