{
  "strategy": {
    "alpha_ema": 0.028386075703067528,
    "clip": 0.3855242174363814,
    "lambda_": 3.027936933845002,
    "regul": 0.020618479536534607
  }
}