{
  "optimizer": {
    "lr": 0.0025373897750445465
  },
  "strategy": {
    "alpha_ema": 0.029769818279193727,
    "regul": 0.07510234865233634
  }
}