{
  "optimizer": {
    "lr": 6.694232102480313e-05
  },
  "strategy": {
    "alpha_ema": 0.04432489189512071,
    "regul": 0.3044592230300482,
    "regul_last": 0.0005543916950966498
  }
}