{
  "optimizer": {
    "lr": 0.011314316075444012
  },
  "strategy": {
    "alpha_ema": 0.2845451031008955,
    "regul": 4.8548114881764214e-05,
    "regul_last": 0.0029953077842205635
  }
}