{
  "optimizer": {
    "lr": 0.014342030191175107
  },
  "strategy": {
    "alpha_ema": 0.045506170325720484,
    "regul": 9.071163032297575e-05,
    "regul_last": 0.0008387412646549476
  }
}