{
  "optimizer": {
    "lr": 0.029094380758170026
  },
  "strategy": {
    "alpha_ema": 0.28301810952651624,
    "alpha_ema_last": 0.03258299845026843,
    "clip": 1484.2764216107282,
    "lambda_": 0.1455999502813047,
    "regul": 0.00015819480314910068,
    "regul_last": 0.0324272802210041
  }
}