{
  "optimizer": {
    "lr": 0.06374156791811947
  },
  "strategy": {
    "alpha_ema": 0.013032393856149987,
    "regul": 0.024197583145932903
  }
}