{
  "optimizer": {
    "lr": 0.0001136236578611691
  },
  "strategy": {
    "alpha_ema": 0.2101783800439918,
    "alpha_ema_last": 0.04862322024088886,
    "clip": 4.993946983612645,
    "lambda_": 6.2448077470918335,
    "regul": 0.06039644341458392,
    "regul_last": 0.0007714822098044339
  }
}