{
  "strategy": {
    "alpha_ema": 0.715908024594221,
    "alpha_ema_last": 0.25672906425395575,
    "clip": 0.15805620155186564,
    "lambda_": 0.03161843478851403,
    "regul": 0.0009917129118028293,
    "regul_last": 0.0003844921447985777
  }
}