{
  "optimizer": {
    "lr": 0.00015840682909246036
  },
  "strategy": {
    "alpha_ema": 0.05881257215530893,
    "regul": 2.832126111995679e-05
  }
}