{
  "strategy": {
    "alpha_ema": 0.3019212792657825,
    "clip": 1.149949262583715,
    "lambda_": 0.010474241067197175,
    "regul": 0.015283210087884797
  }
}