{
  "optimizer": {
    "lr": 9.074236177889321e-05
  },
  "strategy": {
    "regul": 0.0010904304639716962
  }
}