{
  "optimizer": {
    "lr": 2.0612046171384697e-05
  },
  "strategy": {
    "alpha_ema": 0.6230566832226838,
    "regul": 0.0008912721636177848
  }
}