{
  "optimizer": {
    "lr": 2.4335574690603712e-05
  },
  "strategy": {
    "alpha_ema": 0.17824268434843613,
    "alpha_ema_last": 0.30159649372668856,
    "regul": 0.00023535461473132442
  }
}