{
  "strategy": {
    "alpha_ema": 0.18241546371544146,
    "clip": 1.3288723362551056,
    "lambda_": 0.014872155157899327,
    "regul": 0.4690231344496687
  }
}