{
  "optimizer": {
    "lr": 9.044378277725605e-05
  },
  "strategy": {
    "alpha_ema": 0.19055819478969674,
    "regul": 0.0469175088952289
  }
}