{
  "optimizer": {
    "lr": 0.000919940534953647
  },
  "strategy": {
    "alpha_ema": 0.03287463327053621,
    "regul": 0.00020206969230390805
  }
}