{
  "optimizer": {
    "lr": 0.0005807911760334863
  },
  "strategy": {
    "alpha_ema": 0.20323032505234678,
    "regul": 9.389865684684407e-05
  }
}