{
  "optimizer": {
    "lr": 0.002879280037246885
  },
  "strategy": {
    "alpha_ema": 0.059049700482754076,
    "regul": 0.0004682222461624311
  }
}