{
  "optimizer": {
    "lr": 4.163561280538451e-05
  },
  "strategy": {
    "alpha_ema": 0.3131960077028017,
    "regul": 0.0028735628604446583
  }
}