{
  "optimizer": {
    "lr": 0.0005042530611313709
  },
  "strategy": {
    "alpha_ema": 0.02483353961639043,
    "regul": 0.0015575498703816995
  }
}