{
  "optimizer": {
    "lr": 0.021195025193402422
  },
  "strategy": {
    "alpha_ema": 0.07822693129340429,
    "regul": 6.931949687302908e-05
  }
}