{
  "optimizer": {
    "lr": 0.019753410069140487
  },
  "strategy": {
    "alpha_ema": 0.5593348871243206,
    "alpha_ema_last": 0.8518546848167398,
    "regul": 0.00043854220273817086
  }
}