{
  "optimizer": {
    "lr": 0.00017471981074044892
  },
  "strategy": {
    "alpha_ema": 0.599386853985485,
    "regul": 0.00476844956609305
  }
}