{
  "optimizer": {
    "lr": 0.0008041185990869709
  },
  "strategy": {
    "alpha_ema": 0.1694827200654254,
    "regul": 0.005784513904807941
  }
}