{
  "optimizer": {
    "lr": 0.0015410858784025117
  },
  "strategy": {
    "alpha_ema": 0.24594519054538588,
    "regul": 0.00016092534732058228
  }
}