{
  "optimizer": {
    "lr": 0.0003166951347500976
  },
  "strategy": {
    "alpha_ema": 0.7974368684499675,
    "regul": 0.01268386443680033
  }
}