{
  "strategy": {
    "alpha_ema": 0.16353108889631482,
    "alpha_ema_last": 0.2434982188506962,
    "clip": 0.5219850541569523,
    "lambda_": 1.4565085148137782,
    "regul": 0.0030120034322185176,
    "regul_last": 0.014606416449854517
  }
}