{
  "optimizer": {
    "lr": 1.1451062792921393e-05
  },
  "strategy": {
    "alpha_ema": 0.013564196222811851,
    "regul": 0.00013367379454699241
  }
}