{
  "optimizer": {
    "lr": 0.00017337907690675463
  },
  "strategy": {
    "alpha_ema": 0.27130769489069667,
    "alpha_ema_last": 0.06972253684139977,
    "clip": 256.10047265254593,
    "lambda_": 0.020079973255951,
    "regul": 0.04939627896501734,
    "regul_last": 0.00010836516370838803
  }
}