{
  "optimizer": {
    "lr": 0.0007812039152307704
  },
  "strategy": {
    "regul": 0.2204730531274004
  }
}