{
  "optimizer": {
    "lr": 0.006134245166457302
  },
  "strategy": {
    "alpha_ema": 0.07359535790163971,
    "regul": 0.03353921381468217
  }
}