{
  "optimizer": {
    "lr": 0.001330516053186155
  },
  "strategy": {
    "alpha_ema": 0.24797034043643,
    "regul": 0.0005667831043164366
  }
}