{
  "optimizer": {
    "lr": 7.422384104800472e-05
  },
  "strategy": {
    "alpha_ema": 0.11795707046891368,
    "regul": 0.003846701177658917
  }
}