{
  "optimizer": {
    "lr": 0.002271220238927065
  },
  "strategy": {
    "regul": 0.7806776818140014
  }
}