{
  "optimizer": {
    "lr": 0.00012970810728152275
  },
  "strategy": {
    "alpha_ema": 0.22000287925290057,
    "lambda_": 2.3372800082636114,
    "regul": 0.018692590386809326
  }
}