{
  "optimizer": {
    "lr": 0.0014520839860298054
  },
  "strategy": {
    "alpha_ema": 0.11239473894575298,
    "lambda_": 1.8523756683573676,
    "regul": 0.00010256947530219925
  }
}