{
  "optimizer": {
    "lr": 0.00028208866047664793
  },
  "strategy": {
    "alpha_ema": 0.515889925477756,
    "alpha_ema_last": 0.04702202270716741,
    "regul": 0.0002716300134978214
  }
}