{
  "optimizer": {
    "lr": 0.0002150620481142423
  },
  "strategy": {
    "alpha_ema": 0.4987794918524543,
    "lambda_": 4.556188944686239,
    "regul": 0.0005059536293402464
  }
}