{
  "optimizer": {
    "lr": 0.09389962221967493
  },
  "strategy": {
    "alpha_ema": 0.01032177323646794,
    "alpha_ema_last": 0.021157442933941603,
    "clip": 5418.205213631746,
    "lambda_": 0.11274663781842822,
    "regul": 0.00217790103230476,
    "regul_last": 0.00033512927860513336
  }
}