{
  "optimizer": {
    "lr": 0.00010260697772802396
  },
  "strategy": {
    "alpha_ema": 0.5113652627167319,
    "alpha_ema_last": 0.013310530313461624,
    "clip": 3031.837161628811,
    "lambda_": 59.387865161316824,
    "regul": 0.0008043127490458935,
    "regul_last": 0.0012133171766385439
  }
}