{
  "optimizer": {
    "lr": 0.008501724392064489
  },
  "strategy": {
    "alpha_ema": 0.015645469631666232,
    "regul": 0.0037661541946646016
  }
}