{
  "optimizer": {
    "lr": 0.0008503319770398268
  },
  "strategy": {
    "alpha_ema": 0.1683867498993658,
    "regul": 0.0002215060189159669
  }
}