{
  "optimizer": {
    "lr": 0.00021382049014706693
  },
  "strategy": {
    "alpha_ema": 0.8711051202294063,
    "regul": 0.0006146503891708545
  }
}