{
  "optimizer": {
    "lr": 0.002713809021011963
  },
  "strategy": {
    "alpha_ema": 0.5014469730392255,
    "regul": 0.0017121710688330516
  }
}