{
  "optimizer": {
    "lr": 0.00018357178727748674
  },
  "strategy": {
    "alpha_ema": 0.3608417779308744,
    "alpha_ema_last": 0.010944780781941164,
    "clip": 1712.9180763697061,
    "lambda_": 0.7585742280433488,
    "regul": 0.0015819223657932188,
    "regul_last": 0.0008159596935072379
  }
}