{
  "optimizer": {
    "lr": 0.02762287398935492
  },
  "strategy": {
    "alpha_ema": 0.05816483533793935,
    "regul": 0.00018306265581232958
  }
}