{
  "optimizer": {
    "lr": 0.0007899063812918695
  },
  "strategy": {
    "alpha_ema": 0.7753026854337179,
    "regul": 0.8472660720315124
  }
}