{
  "optimizer": {
    "lr": 0.0001649830957094825
  },
  "strategy": {
    "alpha_ema": 0.04007854867215258,
    "alpha_ema_last": 0.018466596929322572,
    "clip": 95398.35659923479,
    "lambda_": 0.24891951978026236,
    "regul": 0.0012410099791107332,
    "regul_last": 0.00030142721664617485
  }
}