{
  "optimizer": {
    "lr": 0.09462129099901288
  },
  "strategy": {
    "alpha_ema": 0.10586821680549935,
    "regul": 0.010746219783973254
  }
}