{
  "optimizer": {
    "lr": 6.625852118560692e-05
  },
  "strategy": {
    "alpha_ema": 0.5268568553974723,
    "regul": 2.37416861446739e-05
  }
}