{
  "strategy": {
    "alpha_ema": 0.015568619676939406,
    "clip": 2.2193259937864487,
    "lambda_": 0.34711684194765413,
    "regul": 0.11849359549380885
  }
}