{
  "optimizer": {
    "lr": 0.030516368710517012
  },
  "strategy": {
    "alpha_ema": 0.13986052207328512,
    "lambda_": 0.629547396722937,
    "regul": 0.8868430076911208
  }
}