{
  "optimizer": {
    "lr": 0.0068128364655460315
  },
  "strategy": {
    "alpha_ema": 0.5174155291441433,
    "regul": 0.011205879122903845
  }
}