{
  "optimizer": {
    "lr": 0.0007065674140156607
  },
  "strategy": {
    "alpha_ema": 0.5463866960855267,
    "regul": 4.592987146666606e-05
  }
}