{
  "strategy": {
    "alpha_ema": 0.8378475493187783,
    "clip": 1.715740572639418,
    "lambda_": 0.21924169594783566,
    "regul": 0.1651922733469284
  }
}