{
  "optimizer": {
    "lr": 0.0017819615698190098
  },
  "strategy": {
    "alpha_ema": 0.03475932109765858,
    "alpha_ema_last": 0.2394116088439685,
    "regul": 0.00021141688917392782
  }
}