{
  "optimizer": {
    "lr": 0.05124942373945341
  },
  "strategy": {
    "alpha_ema": 0.011995113987585515,
    "regul": 5.87911477271862e-05,
    "regul_last": 0.0018646129748147182
  }
}