{
  "optimizer": {
    "lr": 0.0002992820193977183
  },
  "strategy": {
    "alpha_ema": 0.018599645294224153,
    "regul": 0.002458407822314889
  }
}