{
  "optimizer": {
    "lr": 4.456099866802927e-05
  },
  "strategy": {
    "alpha_ema": 0.9597104776198513,
    "lambda_": 8.735540049838797,
    "regul": 6.886277329220995e-05
  }
}