{
  "optimizer": {
    "lr": 0.0011704412920908963
  },
  "strategy": {
    "alpha_ema": 0.09806750915579943,
    "regul": 0.00023900744887401932
  }
}