{
  "optimizer": {
    "lr": 5.0114156654645414e-05
  },
  "strategy": {
    "alpha_ema": 0.1052596848538848,
    "regul": 0.02486220674374073
  }
}