{
  "optimizer": {
    "lr": 0.0002556521995536333
  },
  "strategy": {
    "alpha_ema": 0.8014038758750353,
    "regul": 0.0014243150552337128
  }
}