{
  "optimizer": {
    "lr": 0.004205553198032491
  },
  "strategy": {
    "alpha_ema": 0.9312317625849212,
    "regul": 0.0006837239031922495
  }
}