{
  "optimizer": {
    "lr": 0.0007283459965497016
  },
  "strategy": {
    "alpha_ema": 0.12538670267345042,
    "alpha_ema_last": 0.1289820322866563,
    "regul": 0.00016520477829565398
  }
}