{
  "strategy": {
    "alpha_ema": 0.9507298692816114,
    "clip": 0.01631192018984083,
    "lambda_": 0.17349775391971914,
    "regul": 0.027986001700442287
  }
}