{
  "optimizer": {
    "lr": 0.005937923115600198
  },
  "strategy": {
    "regul": 0.004254832507519695
  }
}