{
  "optimizer": {
    "lr": 1.891722086586951e-05
  },
  "strategy": {
    "regul": 0.060881645433748036
  }
}