{
  "optimizer": {
    "lr": 0.0007731527372885108
  },
  "strategy": {
    "alpha_ema": 0.9910157337651752,
    "regul": 0.06223876083468074
  }
}