{
  "optimizer": {
    "lr": 0.003371435063664881
  },
  "strategy": {
    "alpha_ema": 0.01615584638993439,
    "regul": 0.00035152029052113327
  }
}