{
  "optimizer": {
    "lr": 0.017035355226662528
  },
  "strategy": {
    "alpha_ema": 0.01122691234571549,
    "regul": 0.04469202602970174
  }
}