{
  "optimizer": {
    "lr": 1.3440942147174433e-05
  },
  "strategy": {
    "alpha_ema": 0.06912388036746887,
    "regul": 1.3148190914832305e-05
  }
}