{
  "optimizer": {
    "lr": 0.006242352469349751
  },
  "strategy": {
    "alpha_ema": 0.0941345510462005,
    "regul": 0.11929558259474751
  }
}