{
  "strategy": {
    "alpha_ema": 0.02839119450592231,
    "alpha_ema_last": 0.213018355097556,
    "clip": 12.696688179045788,
    "lambda_": 1.9292436475493366,
    "regul": 0.025971329367975943,
    "regul_last": 0.14156684467731043
  }
}