{
  "optimizer": {
    "lr": 0.004588936360355612
  },
  "strategy": {
    "alpha_ema": 0.01544838889501373,
    "lambda_": 0.38739320172921654,
    "regul": 1.8764219554273398e-05
  }
}