{
  "optimizer": {
    "lr": 5.4359793910392436e-05
  },
  "strategy": {
    "alpha_ema": 0.8230109916878134,
    "regul": 0.00045259724233628765
  }
}