{
  "optimizer": {
    "lr": 0.0029167091624975154
  },
  "strategy": {
    "alpha_ema": 0.03245291367857529,
    "lambda_": 0.03090410190249385,
    "regul": 0.0003907140702883762
  }
}