{
  "optimizer": {
    "lr": 0.00013868857235827827
  },
  "strategy": {
    "alpha_ema": 0.7861961005565216,
    "alpha_ema_last": 0.12563215572488373,
    "regul": 0.0012812420323818666
  }
}