{
  "optimizer": {
    "lr": 0.025070213737674343
  },
  "strategy": {
    "alpha_ema": 0.024253239840254494,
    "regul": 0.009147131607191017
  }
}