{
  "optimizer": {
    "lr": 1.0228031536619288e-05
  },
  "strategy": {
    "alpha_ema": 0.010471664197932112,
    "regul": 0.001796929013129997
  }
}