{
  "optimizer": {
    "lr": 0.0001257723803531349
  },
  "strategy": {
    "alpha_ema": 0.9128943411830764,
    "lambda_": 0.07367344729884572,
    "regul": 0.0013883420472984933
  }
}