{
  "optimizer": {
    "lr": 0.009107188271993225
  },
  "strategy": {
    "alpha_ema": 0.030749503905134378,
    "regul": 0.003983802804638217
  }
}