{
  "strategy": {
    "alpha_ema": 0.06581733826807212,
    "clip": 2.2557082785867846,
    "lambda_": 0.010454388386976318,
    "regul": 0.0035393376532342345
  }
}