{
  "optimizer": {
    "lr": 0.00014132370381201618
  },
  "strategy": {
    "alpha_ema": 0.058909128017458776,
    "regul": 0.0015791814333565267
  }
}