{
  "optimizer": {
    "lr": 0.03220761351446057
  },
  "strategy": {
    "alpha_ema": 0.4448311755811594,
    "regul": 0.0005473866219149482
  }
}