{
  "optimizer": {
    "lr": 0.02045578311832756
  },
  "strategy": {
    "alpha_ema": 0.453278106487748,
    "regul": 0.00017604039959146569
  }
}