{
  "strategy": {
    "alpha_ema": 0.05386399550106497,
    "clip": 2.2527666839855565,
    "lambda_": 0.1337708912525495,
    "regul": 0.0009838074487684648
  }
}