{
  "optimizer": {
    "lr": 0.00010526041140642743
  },
  "strategy": {
    "alpha_ema": 0.8389015365848268,
    "regul": 0.0023346757564645555
  }
}