{
  "strategy": {
    "alpha_ema": 0.48958870207819033,
    "alpha_ema_last": 0.8070238679228572,
    "clip": 7.590707320108926,
    "lambda_": 0.2076918086248647,
    "regul": 0.07471441449615655,
    "regul_last": 0.0036859121040011046
  }
}