{
  "optimizer": {
    "lr": 2.6870000233629846e-05
  },
  "strategy": {
    "alpha_ema": 0.027771729604350915,
    "regul": 0.79224301722084
  }
}