{
  "optimizer": {
    "lr": 0.0002476381761010259
  },
  "strategy": {
    "alpha_ema": 0.10720816251475405,
    "lambda_": 1.6950981006252268,
    "regul": 0.002193460883649664
  }
}