{
  "optimizer": {
    "lr": 0.00030252338123084633
  },
  "strategy": {
    "alpha_ema": 0.010140116440612641,
    "regul": 0.0060791308186725216
  }
}