{
  "optimizer": {
    "lr": 3.401659851446256e-05
  },
  "strategy": {
    "alpha_ema": 0.0968791943575981,
    "lambda_": 0.5793730019933985,
    "regul": 0.015060012327551471
  }
}