{
  "optimizer": {
    "lr": 0.00021799156789374836
  },
  "strategy": {
    "alpha_ema": 0.027783117838350403,
    "regul": 0.19699663899143152
  }
}