{
  "optimizer": {
    "lr": 0.004708553125717987
  },
  "strategy": {
    "alpha_ema": 0.28457658597359203,
    "regul": 0.017764790111498768
  }
}