{
  "optimizer": {
    "lr": 3.2450752735864325e-05
  },
  "strategy": {
    "alpha_ema": 0.12863287033859297,
    "lambda_": 0.41229098000619974,
    "regul": 0.023758008700924493
  }
}