{
  "optimizer": {
    "lr": 0.03723864420686204
  },
  "strategy": {
    "alpha_ema": 0.01897020869432703,
    "regul": 0.0012579013974456743
  }
}