{
  "optimizer": {
    "lr": 5.544461431274037e-05
  },
  "strategy": {
    "alpha_ema": 0.3461096170113009,
    "lambda_": 0.5245487903473464,
    "regul": 0.01178155029616872
  }
}