{
  "optimizer": {
    "lr": 0.0004455543837636316
  },
  "strategy": {
    "alpha_ema": 0.7347554053390611,
    "regul": 5.849346293628772e-05
  }
}