{
  "optimizer": {
    "lr": 0.03617465624068778
  },
  "strategy": {
    "alpha_ema": 0.04095457411179877,
    "regul": 2.994058855766209e-05,
    "regul_last": 0.004183607169873996
  }
}