{
  "optimizer": {
    "lr": 0.0009298624174459578
  },
  "strategy": {
    "alpha_ema": 0.02807524740535959,
    "regul": 0.000368805123905613
  }
}