{
  "optimizer": {
    "lr": 0.0072843241983428005
  },
  "strategy": {
    "alpha_ema": 0.1444481952730139,
    "regul": 2.9856232779853705e-05
  }
}