{
  "optimizer": {
    "lr": 0.0005201233683787739
  },
  "strategy": {
    "alpha_ema": 0.060784402132237646,
    "regul": 0.0001260939772422884
  }
}