{
  "optimizer": {
    "lr": 5.642783467111443e-05
  },
  "strategy": {
    "regul": 0.105859199519319
  }
}