{
  "optimizer": {
    "lr": 0.021244312686047817
  },
  "strategy": {
    "alpha_ema": 0.06067748280247354,
    "regul": 7.889473326841142e-05
  }
}