{
  "optimizer": {
    "lr": 0.002191326019618997
  },
  "strategy": {
    "alpha_ema": 0.025613974729384807,
    "regul": 0.0011352184805358632
  }
}