{
  "optimizer": {
    "lr": 0.00766970799920627
  },
  "strategy": {
    "alpha_ema": 0.23752372386511492,
    "regul": 0.008089170363470111
  }
}