{
  "optimizer": {
    "lr": 0.00448193038251961
  },
  "strategy": {
    "alpha_ema": 0.03126951557731554,
    "alpha_ema_last": 0.01238454192986453,
    "clip": 123.78512377976311,
    "lambda_": 38.13017612968201,
    "regul": 0.0005752503377448812,
    "regul_last": 0.0009588740410339934
  }
}