{
  "optimizer": {
    "lr": 5.6204781670054665e-05
  },
  "strategy": {
    "alpha_ema": 0.013899488038745451,
    "regul": 0.0022354831156187896
  }
}