{
  "optimizer": {
    "lr": 5.768121550808178e-05
  },
  "strategy": {
    "alpha_ema": 0.16375691054200914,
    "regul": 0.008545329258804616
  }
}