{
  "strategy": {
    "alpha_ema": 0.47973733051248624,
    "clip": 0.05318664221263379,
    "lambda_": 5.435232591116121,
    "regul": 0.09762568701926001
  }
}