{
  "optimizer": {
    "lr": 0.014396497084453643
  },
  "strategy": {
    "alpha_ema": 0.0992692834291847,
    "lambda_": 1.4945591101178806,
    "regul": 0.02323573605805586
  }
}