{
  "optimizer": {
    "lr": 0.0014380087216156077
  },
  "strategy": {
    "alpha_ema": 0.05474717973347648,
    "regul": 0.0008915168492004309
  }
}