{
  "optimizer": {
    "lr": 2.174308794385464e-05
  },
  "strategy": {
    "alpha_ema": 0.04496471195535394,
    "regul": 0.05128397499335336
  }
}