{
  "optimizer": {
    "lr": 0.005803982932853893
  },
  "strategy": {
    "alpha_ema": 0.018097682109511678,
    "regul": 0.024867481456850058,
    "regul_last": 0.09192162101024948
  }
}