{
  "optimizer": {
    "lr": 0.00013987565549210962
  },
  "strategy": {
    "regul": 0.00711466883494048
  }
}