{
  "strategy": {
    "alpha_ema": 0.33927124761685734,
    "alpha_ema_last": 0.1366770596996382,
    "clip": 0.7792290123796733,
    "lambda_": 0.04368050296960666,
    "regul": 0.00014992582776349406,
    "regul_last": 0.0007218928641200481
  }
}