{
  "optimizer": {
    "lr": 0.0938408045264544
  },
  "strategy": {
    "regul": 1.0030804056297169e-05
  }
}