{
  "strategy": {
    "alpha_ema": 0.07659299991646192,
    "clip": 1.1323118202380078,
    "lambda_": 0.09431709326217227,
    "regul": 0.16222802431562455
  }
}