{
  "optimizer": {
    "lr": 0.002449360670127255
  },
  "strategy": {
    "alpha_ema": 0.2008302475091475,
    "regul": 0.0007998007580304469,
    "regul_last": 0.005677136586436375
  }
}