{
  "optimizer": {
    "lr": 0.04075326619342418
  },
  "strategy": {
    "alpha_ema": 0.04116592871724805,
    "regul": 0.00029379365750760694
  }
}