{
  "optimizer": {
    "lr": 1.588893032198465e-05
  },
  "strategy": {
    "alpha_ema": 0.21283662221072233,
    "lambda_": 6.473238071498424,
    "regul": 0.00030907778702679486
  }
}