{
  "optimizer": {
    "lr": 3.7584573378304795e-05
  },
  "strategy": {
    "alpha_ema": 0.15826146974628585,
    "regul": 2.1400821258835397e-05
  }
}