{
  "optimizer": {
    "lr": 0.002028723490250154
  },
  "strategy": {
    "regul": 0.7001223340577399
  }
}