{
  "optimizer": {
    "lr": 0.0002516921038402911
  },
  "strategy": {
    "alpha_ema": 0.029595307924987425,
    "regul": 0.02267021688020032
  }
}