{
  "optimizer": {
    "lr": 0.00019833075419998448
  },
  "strategy": {
    "alpha_ema": 0.028241643714644066,
    "regul": 0.06598602473299552
  }
}