{
  "optimizer": {
    "lr": 0.0018715519705735546
  },
  "strategy": {
    "alpha_ema": 0.03670179681670712,
    "regul": 1.4337436941426046e-05
  }
}