{
  "optimizer": {
    "lr": 0.004351754512082815
  },
  "strategy": {
    "alpha_ema": 0.024311091627223655,
    "regul": 0.00042111356602325353
  }
}