{
  "optimizer": {
    "lr": 0.00037734696977394515
  },
  "strategy": {
    "alpha_ema": 0.08746878690282489,
    "regul": 1.0663806257342225e-05,
    "regul_last": 0.052630626996763054
  }
}