{
  "optimizer": {
    "lr": 0.003294405556028612
  },
  "strategy": {
    "alpha_ema": 0.09275071882217382,
    "lambda_": 6.458417742595295,
    "regul": 8.376891040837807e-05
  }
}