{
  "strategy": {
    "alpha_ema": 0.15061457348573107,
    "clip": 0.3313412056125495,
    "lambda_": 0.08642978311100082,
    "regul": 0.0010444701592165837
  }
}