{
  "optimizer": {
    "lr": 0.00036855158990105856
  },
  "strategy": {
    "alpha_ema": 0.04681787838306726,
    "alpha_ema_last": 0.25649426994600927,
    "clip": 6248.6984003404295,
    "lambda_": 0.09443658586889508,
    "regul": 0.04350659205049508,
    "regul_last": 0.03281794525388025
  }
}