{
  "optimizer": {
    "lr": 0.004869084303715365
  },
  "strategy": {
    "alpha_ema": 0.03320752511496287,
    "regul": 4.070717986597356e-05,
    "regul_last": 0.03337799734788981
  }
}