{
  "strategy": {
    "alpha_ema": 0.01787802711489726,
    "clip": 0.7781576758732085,
    "lambda_": 0.26339631336370617,
    "regul": 0.0003135805596576317
  }
}