{
  "optimizer": {
    "lr": 0.0008225428118947711
  },
  "strategy": {
    "alpha_ema": 0.6354142248391846,
    "lambda_": 3.2423725285439113,
    "regul": 0.0006122729388568641
  }
}