{
  "optimizer": {
    "lr": 0.00016690440269101682
  },
  "strategy": {
    "alpha_ema": 0.07350395055936057,
    "regul": 0.0008911453942208304
  }
}