{
  "optimizer": {
    "lr": 6.977446767743259e-05
  },
  "strategy": {
    "alpha_ema": 0.042889905527697336,
    "regul": 0.0003288239174715809
  }
}