{
  "optimizer": {
    "lr": 0.0030016480099539127
  },
  "strategy": {
    "alpha_ema": 0.41430704784109684,
    "regul": 0.00010054610299673641
  }
}