{
  "optimizer": {
    "lr": 0.00034786748534988243
  },
  "strategy": {
    "alpha_ema": 0.03827806391280536,
    "regul": 0.6603988255994037,
    "regul_last": 0.002769808383966678
  }
}