{
  "optimizer": {
    "lr": 0.002048446814340452
  },
  "strategy": {
    "alpha_ema": 0.11344627075672148,
    "regul": 0.011676438695325728
  }
}