{
  "optimizer": {
    "lr": 0.0003798355574169837
  },
  "strategy": {
    "alpha_ema": 0.5697785924650451,
    "regul": 3.127415850226196e-05
  }
}