{
  "optimizer": {
    "lr": 0.00040020107773426313
  },
  "strategy": {
    "alpha_ema": 0.23581642281097845,
    "regul": 5.430482964782365e-05
  }
}