{
  "optimizer": {
    "lr": 0.00014928837125848446
  },
  "strategy": {
    "alpha_ema": 0.36147452115714784,
    "regul": 0.0904676930559851
  }
}