{
  "optimizer": {
    "lr": 5.5399981160378105e-05
  },
  "strategy": {
    "alpha_ema": 0.31433784531281533,
    "regul": 0.05553618987799847,
    "regul_last": 0.8846396175515051
  }
}