{
  "optimizer": {
    "lr": 0.0011114383955881336
  },
  "strategy": {
    "alpha_ema": 0.044193474356091764,
    "regul": 0.004653800356700822
  }
}