{
  "optimizer": {
    "lr": 0.011035393675433465
  },
  "strategy": {
    "alpha_ema": 0.03653393978023214,
    "regul": 0.0010108193746447241
  }
}