{
  "optimizer": {
    "lr": 0.0001468966254479635
  },
  "strategy": {
    "regul": 3.528339745681034e-05
  }
}