{
  "optimizer": {
    "lr": 0.004760597708078665
  },
  "strategy": {
    "regul": 0.24681575329566727
  }
}