{
  "optimizer": {
    "lr": 0.0001182695305215577
  },
  "strategy": {
    "alpha_ema": 0.05968752879117718,
    "regul": 4.7010159336872925e-05
  }
}