{
  "optimizer": {
    "lr": 0.022370726455756513
  },
  "strategy": {
    "alpha_ema": 0.5644503959977265,
    "lambda_": 0.2744724824194277,
    "regul": 1.0886817014488477e-05
  }
}