{
  "strategy": {
    "alpha_ema": 0.022419816824093605,
    "alpha_ema_last": 0.1257173190004649,
    "clip": 0.18695383861738632,
    "lambda_": 0.08074162104311715,
    "regul": 0.00032174983102058505,
    "regul_last": 0.03079928711854999
  }
}