{
  "optimizer": {
    "lr": 0.07190161156592824
  },
  "strategy": {
    "alpha_ema": 0.448672516852822,
    "regul": 0.08250561469550523
  }
}