{
  "optimizer": {
    "lr": 8.359202085557556e-05
  },
  "strategy": {
    "alpha_ema": 0.5976054468029645,
    "alpha_ema_last": 0.019823462437431924,
    "clip": 60049.86906914778,
    "lambda_": 0.11117428714164623,
    "regul": 0.0018005056174175997,
    "regul_last": 0.00013148545425071954
  }
}