{
  "optimizer": {
    "lr": 5.5969048016046114e-05
  },
  "strategy": {
    "alpha_ema": 0.28396838543141906,
    "regul": 0.001464919302996563
  }
}