{
  "optimizer": {
    "lr": 0.03395090990429081
  },
  "strategy": {
    "alpha_ema": 0.10111975723509774,
    "regul": 0.004437298510947867
  }
}