{
  "optimizer": {
    "lr": 0.006816189597896863
  },
  "strategy": {
    "regul": 0.09277243691074873
  }
}