{
  "optimizer": {
    "lr": 0.001086683402723634
  },
  "strategy": {
    "alpha_ema": 0.5877553482447128,
    "lambda_": 0.09582905362321312,
    "regul": 0.02136825506780387
  }
}