{
  "optimizer": {
    "lr": 0.0008467699627701904
  },
  "strategy": {
    "alpha_ema": 0.2207570607189565,
    "regul": 0.00010179471295517266
  }
}