{
  "optimizer": {
    "lr": 1.156860822552842e-05
  },
  "strategy": {
    "alpha_ema": 0.13441121289034091,
    "regul": 0.00010381177101558628
  }
}