{
  "optimizer": {
    "lr": 0.0008368601561139434
  },
  "strategy": {
    "alpha_ema": 0.028207568655439216,
    "regul": 2.211809861925704e-05
  }
}