{
  "strategy": {
    "alpha_ema": 0.5098578800170418,
    "clip": 0.5699808132459105,
    "lambda_": 0.5626100957817801,
    "regul": 0.05273667339171242
  }
}