{
  "optimizer": {
    "lr": 0.00020648691722773233
  },
  "strategy": {
    "alpha_ema": 0.014775286741770116,
    "regul": 0.2066525272227921,
    "regul_last": 0.004208834541500491
  }
}