{
  "optimizer": {
    "lr": 0.00012516959967337997
  },
  "strategy": {
    "alpha_ema": 0.022492221164621524,
    "regul": 0.0004443955816898049,
    "regul_last": 8.897468084392786e-05
  }
}