{
  "strategy": {
    "alpha_ema": 0.8407683446552487,
    "clip": 1.906502656055633,
    "lambda_": 9.990991989052754,
    "regul": 0.5305854421419767
  }
}