{
  "optimizer": {
    "lr": 1.056072373149046e-05
  },
  "strategy": {
    "alpha_ema": 0.36785093886437653,
    "alpha_ema_last": 0.02645206155211511,
    "regul": 0.0030492358649466746
  }
}