{
  "optimizer": {
    "lr": 0.004889087049108232
  },
  "strategy": {
    "alpha_ema": 0.7113000529331551,
    "regul": 1.2189589228958079e-05
  }
}