{
  "optimizer": {
    "lr": 2.1935053262736363e-05
  },
  "strategy": {
    "alpha_ema": 0.12768396383519037,
    "regul": 0.0013816365216432693
  }
}