{
  "optimizer": {
    "lr": 0.00018890749708536138
  },
  "strategy": {
    "alpha_ema": 0.038276053445996064,
    "regul": 0.02227142280316704
  }
}