{
  "optimizer": {
    "lr": 0.0019648664733775694
  },
  "strategy": {
    "alpha_ema": 0.12724602951159064,
    "regul": 0.0026029263504371318
  }
}