{
  "optimizer": {
    "lr": 0.0887334577974583
  },
  "strategy": {
    "alpha_ema": 0.03517463804952262,
    "regul": 0.000159930129860208
  }
}