{
  "optimizer": {
    "lr": 0.06615083011505134
  },
  "strategy": {
    "alpha_ema": 0.0299497144242451,
    "regul": 0.005428308221998911
  }
}