{
  "optimizer": {
    "lr": 0.0018439720628787048
  },
  "strategy": {
    "alpha_ema": 0.24649857678217058,
    "regul": 0.000110233382334031
  }
}