{
  "optimizer": {
    "lr": 2.480935475638938e-05
  },
  "strategy": {
    "alpha_ema": 0.550220750123538,
    "alpha_ema_last": 0.15230850349347896,
    "regul": 0.005853391899168861
  }
}