{
  "optimizer": {
    "lr": 0.00044973367707613936
  },
  "strategy": {
    "alpha_ema": 0.8249908292925023,
    "alpha_ema_last": 0.055652230076833946,
    "regul": 0.038536867621598664
  }
}