{
  "optimizer": {
    "lr": 0.0006380586721283038
  },
  "strategy": {
    "alpha_ema": 0.07965971360470306,
    "lambda_": 1.2635193143556163,
    "regul": 0.0071266437159211524
  }
}