{
  "optimizer": {
    "lr": 0.0050804457321575154
  },
  "strategy": {
    "alpha_ema": 0.1523031493927044,
    "regul": 0.009411659102523371
  }
}