{
  "optimizer": {
    "lr": 0.004399050194175937
  },
  "strategy": {
    "alpha_ema": 0.273511625604068,
    "regul": 3.188760711693445e-05
  }
}