{
  "optimizer": {
    "lr": 8.739383166531699e-05
  },
  "strategy": {
    "alpha_ema": 0.10647863411452642,
    "regul": 0.005551048070724613
  }
}