{
  "optimizer": {
    "lr": 0.0009146589498116978
  },
  "strategy": {
    "alpha_ema": 0.024857799584495556,
    "regul": 0.0005990812169627705
  }
}