{
  "optimizer": {
    "lr": 1.558830579527092e-05
  },
  "strategy": {
    "alpha_ema": 0.6982172896613873,
    "regul": 0.00014477673833221288
  }
}