{
  "optimizer": {
    "lr": 0.0026036215481830254
  },
  "strategy": {
    "alpha_ema": 0.11827889317587088,
    "lambda_": 0.9688472773758496,
    "regul": 2.662275597420205e-05
  }
}