{
  "optimizer": {
    "lr": 0.006564452498569387
  },
  "strategy": {
    "alpha_ema": 0.8242945109220483,
    "regul": 0.002385738327330987
  }
}