{
  "optimizer": {
    "lr": 6.142856800237649e-05
  },
  "strategy": {
    "regul": 3.920079815006432e-05
  }
}