{
  "optimizer": {
    "lr": 0.001686847611447561
  },
  "strategy": {
    "alpha_ema": 0.2060407758977247,
    "alpha_ema_last": 0.01252835632959764,
    "regul": 0.43898344883053786
  }
}