{
  "optimizer": {
    "lr": 0.00015676314371340197
  },
  "strategy": {
    "alpha_ema": 0.03511309268692592,
    "regul": 0.055179172378514114,
    "regul_last": 0.00024250165646130925
  }
}