{
  "optimizer": {
    "lr": 0.00047986138977444123
  },
  "strategy": {
    "alpha_ema": 0.954313877613246,
    "regul": 0.0009947832662266132
  }
}