{
  "strategy": {
    "alpha_ema": 0.06493041870164486,
    "clip": 0.9687267218059226,
    "lambda_": 1.5867551532995976,
    "regul": 0.6746049010585465
  }
}