{
  "optimizer": {
    "lr": 0.004232641297087013
  },
  "strategy": {
    "alpha_ema": 0.012092592980053711,
    "regul": 0.015269263222342356
  }
}