{
  "optimizer": {
    "lr": 0.0015016374124157082
  },
  "strategy": {
    "alpha_ema": 0.05347911264268525,
    "regul": 0.00514320800233311
  }
}