{
  "optimizer": {
    "lr": 0.00024733083962435743
  },
  "strategy": {
    "alpha_ema": 0.9747172838170608,
    "alpha_ema_last": 0.026532518303483587,
    "regul": 0.24944399017778734
  }
}