{
  "optimizer": {
    "lr": 0.00013705648494785836
  },
  "strategy": {
    "alpha_ema": 0.042215961373151416,
    "regul": 0.1447204777495558
  }
}