{
  "optimizer": {
    "lr": 0.001495109649540972
  },
  "strategy": {
    "alpha_ema": 0.7840751215949648,
    "regul": 0.05426539125316254
  }
}