{
  "optimizer": {
    "lr": 0.013220789561437463
  },
  "strategy": {
    "alpha_ema": 0.16571285529405771,
    "regul": 0.016097016279632056
  }
}