{
  "optimizer": {
    "lr": 0.004031793122298058
  },
  "strategy": {
    "alpha_ema": 0.10927404657946613,
    "regul": 4.937254069885341e-05
  }
}