{
  "optimizer": {
    "lr": 0.0003128465317627427
  },
  "strategy": {
    "alpha_ema": 0.05129259074980017,
    "regul": 7.281990129703552e-05
  }
}