{
  "strategy": {
    "alpha_ema": 0.17744805621039636,
    "clip": 0.23201391809691518,
    "lambda_": 3.278305414863479,
    "regul": 0.32772349876916607
  }
}