{
  "strategy": {
    "alpha_ema": 0.047378572569919314,
    "clip": 0.057179817974938554,
    "lambda_": 4.497700012945393,
    "regul": 0.000518624517283881
  }
}