{
  "optimizer": {
    "lr": 0.0032057249481896627
  },
  "strategy": {
    "alpha_ema": 0.4612244105004825,
    "regul": 0.0007131748488932777
  }
}