{
  "optimizer": {
    "lr": 0.00035782974348881337
  },
  "strategy": {
    "alpha_ema": 0.010599468751777063,
    "regul": 0.001207178417166049
  }
}