{
  "optimizer": {
    "lr": 0.005118680982238766
  },
  "strategy": {
    "alpha_ema": 0.015730647157941365,
    "regul": 0.0007137857234050328
  }
}