{
  "optimizer": {
    "lr": 0.0010773161194663754
  },
  "strategy": {
    "alpha_ema": 0.48544610245794734,
    "lambda_": 2.2075755770716174,
    "regul": 0.0187953908330257
  }
}