{
  "optimizer": {
    "lr": 0.00018589122043130755
  },
  "strategy": {
    "alpha_ema": 0.2120819091124659,
    "regul": 0.005908210459514144
  }
}