{
  "optimizer": {
    "lr": 0.0012929033038965151
  },
  "strategy": {
    "alpha_ema": 0.03195663415470724,
    "alpha_ema_last": 0.057300791904313635,
    "clip": 3047.9603481850404,
    "lambda_": 0.03365938569360794,
    "regul": 0.0005685021636128822,
    "regul_last": 0.009738931094356676
  }
}