{
  "strategy": {
    "alpha_ema": 0.03660342700063617,
    "alpha_ema_last": 0.3944912802471068,
    "clip": 0.328020489411277,
    "lambda_": 0.016887175085237426,
    "regul": 0.02417634167753882,
    "regul_last": 0.01475527546485392
  }
}