{
  "optimizer": {
    "lr": 0.0006271569111300304
  },
  "strategy": {
    "alpha_ema": 0.19472156611195568,
    "regul": 0.00023185555595039845
  }
}