{
  "optimizer": {
    "lr": 0.004559531818405939
  },
  "strategy": {
    "regul": 7.421894367472567e-05
  }
}