{
  "optimizer": {
    "lr": 0.0022304895414105267
  },
  "strategy": {
    "alpha_ema": 0.012305219796967805,
    "alpha_ema_last": 0.3911188128895664,
    "clip": 416.9955603279519,
    "lambda_": 1.396009940732351,
    "regul": 0.027323018145935768,
    "regul_last": 0.1675883417215839
  }
}