{
  "strategy": {
    "alpha_ema": 0.18115357177661984,
    "alpha_ema_last": 0.48844415833938887,
    "clip": 1.3137419469251546,
    "lambda_": 0.25225971652776197,
    "regul": 0.0002349362732447528,
    "regul_last": 0.00448023586864719
  }
}