{
  "optimizer": {
    "lr": 0.0017828339724679496
  },
  "strategy": {
    "alpha_ema": 0.09318771919879344,
    "regul": 0.00908022394590379
  }
}