{
  "optimizer": {
    "lr": 0.00618191188665689
  },
  "strategy": {
    "alpha_ema": 0.2058582390241996,
    "regul": 1.7532505004395734e-05
  }
}