{
  "optimizer": {
    "lr": 6.0547598355128244e-05
  },
  "strategy": {
    "alpha_ema": 0.05871335481616676,
    "regul": 0.0003323562412026694
  }
}