{
  "optimizer": {
    "lr": 0.040803223142183424
  },
  "strategy": {
    "alpha_ema": 0.5550869663402002,
    "lambda_": 0.04751445030160886,
    "regul": 2.9194093366097187e-05
  }
}