{
  "optimizer": {
    "lr": 0.03936052127284353
  },
  "strategy": {
    "alpha_ema": 0.015393646348017497,
    "regul": 0.07160497140868018
  }
}