{
  "optimizer": {
    "lr": 0.004343440140600196
  },
  "strategy": {
    "alpha_ema": 0.5021616684356685,
    "regul": 0.04095434320196577
  }
}