{
  "optimizer": {
    "lr": 4.076986021005213e-05
  },
  "strategy": {
    "alpha_ema": 0.1438806830107726,
    "regul": 0.0001249576166035102
  }
}