{
  "strategy": {
    "alpha_ema": 0.8438373338098518,
    "alpha_ema_last": 0.098201323313886,
    "clip": 0.6536455088239833,
    "lambda_": 0.06775319976300634,
    "regul": 0.00043743119370332433,
    "regul_last": 0.003467891837866057
  }
}