{
  "optimizer": {
    "lr": 2.2644868222006397e-05
  },
  "strategy": {
    "alpha_ema": 0.0671776062443602,
    "regul": 0.00013311943500770383
  }
}