{
  "optimizer": {
    "lr": 0.00048338899801829736
  },
  "strategy": {
    "alpha_ema": 0.036616741480799596,
    "regul": 3.926985944965838e-05
  }
}