{
  "optimizer": {
    "lr": 0.0019658578326942288
  },
  "strategy": {
    "alpha_ema": 0.28359866720769134,
    "regul": 0.0009100782646514372
  }
}