{
  "strategy": {
    "alpha_ema": 0.019252384732379026,
    "alpha_ema_last": 0.0868279598247788,
    "clip": 2.262307700578613,
    "lambda_": 0.09817674425145072,
    "regul": 0.0035766744698700796,
    "regul_last": 0.00020123499252583905
  }
}