{
  "optimizer": {
    "lr": 0.004737960047852365
  },
  "strategy": {
    "alpha_ema": 0.012774949936695824,
    "regul": 0.00882951403639529,
    "regul_last": 0.528003460535872
  }
}