{
  "optimizer": {
    "lr": 0.001364105144494888
  },
  "strategy": {
    "alpha_ema": 0.1461849165673142,
    "regul": 1.0851892026348984e-05,
    "regul_last": 0.0014558079353089116
  }
}