{
  "optimizer": {
    "lr": 2.6191283000659064e-05
  },
  "strategy": {
    "alpha_ema": 0.1473109910221436,
    "lambda_": 0.19027776566551557,
    "regul": 0.10522944211251488
  }
}