{
  "optimizer": {
    "lr": 0.0002387099466825325
  },
  "strategy": {
    "alpha_ema": 0.6074040310168078,
    "regul": 5.449649632979207e-05
  }
}