{
  "optimizer": {
    "lr": 0.024909686229746857
  },
  "strategy": {
    "alpha_ema": 0.33798373392872416,
    "regul": 2.5371831097955513e-05
  }
}