{
  "optimizer": {
    "lr": 5.8197843560284144e-05
  },
  "strategy": {
    "alpha_ema": 0.05715936470640746,
    "regul": 0.006939441566435961
  }
}