{
  "optimizer": {
    "lr": 0.0012637706646864172
  },
  "strategy": {
    "alpha_ema": 0.033780796879695346,
    "regul": 3.7827146717639986e-05
  }
}