{
  "optimizer": {
    "lr": 0.00026755457064895683
  },
  "strategy": {
    "alpha_ema": 0.06858273783677604,
    "regul": 1.8030519289427863e-05
  }
}