{
  "optimizer": {
    "lr": 5.2141437161627354e-05
  },
  "strategy": {
    "alpha_ema": 0.3909525144183963,
    "regul": 0.0049020028861314095
  }
}