{
  "optimizer": {
    "lr": 0.00030396348632257637
  },
  "strategy": {
    "alpha_ema": 0.28815502556282396,
    "regul": 0.008536194847387227
  }
}