{
  "optimizer": {
    "lr": 0.0012190487800780958
  },
  "strategy": {
    "alpha_ema": 0.028284466794635008,
    "regul": 0.007492848444292435
  }
}