{
  "optimizer": {
    "lr": 0.0008456217171844985
  },
  "strategy": {
    "alpha_ema": 0.04457363586717517,
    "regul": 0.0007991089360919068
  }
}