{
  "optimizer": {
    "lr": 0.0006285564515518185
  },
  "strategy": {
    "alpha_ema": 0.21476597418680624,
    "regul": 4.9978970039597315e-05
  }
}