{
  "optimizer": {
    "lr": 0.006709656475810257
  },
  "strategy": {
    "alpha_ema": 0.06645714418778713,
    "regul": 0.0023501199184765746
  }
}