{
  "optimizer": {
    "lr": 0.0008610768921204683
  },
  "strategy": {
    "alpha_ema": 0.022188393082378095,
    "alpha_ema_last": 0.9894161594790506,
    "clip": 25259.808367317517,
    "lambda_": 2.449844873366101,
    "regul": 0.5207657167669905,
    "regul_last": 0.04925852085246885
  }
}