{
  "optimizer": {
    "lr": 0.0005467172224598141
  },
  "strategy": {
    "regul": 0.0030204412394814638
  }
}