{
  "optimizer": {
    "lr": 0.00010643998870398686
  },
  "strategy": {
    "alpha_ema": 0.047122543454189196,
    "regul": 1.8336986404274727e-05
  }
}