{
  "optimizer": {
    "lr": 0.002044482505043253
  },
  "strategy": {
    "alpha_ema": 0.075990830065916,
    "regul": 0.0006711650134242896
  }
}