{
  "optimizer": {
    "lr": 2.3680026171796e-05
  },
  "strategy": {
    "alpha_ema": 0.30581849485593654,
    "regul": 0.000611154870945266
  }
}