{
  "strategy": {
    "alpha_ema": 0.09159247812469205,
    "alpha_ema_last": 0.13976638405863295,
    "clip": 1.1931799609008582,
    "lambda_": 7.545624801541267,
    "regul": 0.0017144865616096037,
    "regul_last": 0.14658973299074265
  }
}