{
  "strategy": {
    "alpha_ema": 0.5601971834446395,
    "alpha_ema_last": 0.8860719461993476,
    "clip": 12.077231790914214,
    "lambda_": 0.9217326406764123,
    "regul": 0.6990198173606337,
    "regul_last": 0.0001543287945219326
  }
}