{
  "optimizer": {
    "lr": 0.015569737906911676
  },
  "strategy": {
    "alpha_ema": 0.29246719609372995,
    "regul": 0.0012223633659476899,
    "regul_last": 0.0005284478037913274
  }
}