{
  "optimizer": {
    "lr": 0.006815823558440784
  },
  "strategy": {
    "alpha_ema": 0.45033051509651767,
    "alpha_ema_last": 0.039766954701976526,
    "regul": 0.0012886456412489827
  }
}