{
  "optimizer": {
    "lr": 1.5945600403694312e-05
  },
  "strategy": {
    "alpha_ema": 0.010685099732808014,
    "regul": 0.03466150108388262,
    "regul_last": 0.00024089017757441443
  }
}