{
  "optimizer": {
    "lr": 0.0068627220638425345
  },
  "strategy": {
    "alpha_ema": 0.01207187409231945,
    "regul": 0.009399085704961951
  }
}