{
  "optimizer": {
    "lr": 0.021522424336485133
  },
  "strategy": {
    "alpha_ema": 0.0436261495500632,
    "regul": 0.0001500717898934021
  }
}