{
  "optimizer": {
    "lr": 0.0001899989434201371
  },
  "strategy": {
    "regul": 2.7501601632841534e-05
  }
}