{
  "optimizer": {
    "lr": 0.0005389878651929897
  },
  "strategy": {
    "alpha_ema": 0.04233447347152854,
    "regul": 0.01855327795666197
  }
}