{
  "optimizer": {
    "lr": 0.025443490927017604
  },
  "strategy": {
    "alpha_ema": 0.11962278734469814,
    "regul": 0.006865229219804735
  }
}