{
  "optimizer": {
    "lr": 0.0016605211398191112
  },
  "strategy": {
    "alpha_ema": 0.0846485627066227,
    "alpha_ema_last": 0.1315718871277426,
    "clip": 676.9938300838123,
    "lambda_": 0.06444078582797623,
    "regul": 0.00142971725771077,
    "regul_last": 0.02443833168930097
  }
}