{
  "optimizer": {
    "lr": 0.0003747042148157553
  },
  "strategy": {
    "alpha_ema": 0.2992690113745804,
    "regul": 0.0006134604382453662
  }
}