{
  "strategy": {
    "alpha_ema": 0.2605459692886812,
    "alpha_ema_last": 0.11284998578469702,
    "clip": 1.072729246456943,
    "lambda_": 6.047519433447173,
    "regul": 0.002340565856718001,
    "regul_last": 0.0878932047253647
  }
}