{
  "optimizer": {
    "lr": 0.00029279033645588216
  },
  "strategy": {
    "alpha_ema": 0.022016884586768176,
    "regul": 0.00010574977201819248
  }
}