{
  "optimizer": {
    "lr": 0.00014171606094372325
  },
  "strategy": {
    "regul": 0.13185377441583376
  }
}