{
  "optimizer": {
    "lr": 2.5067081347472756e-05
  },
  "strategy": {
    "alpha_ema": 0.025010026314873444,
    "regul": 0.08469266725792621,
    "regul_last": 0.0008138395667447671
  }
}