{
  "optimizer": {
    "lr": 2.351539325674277e-05
  },
  "strategy": {
    "alpha_ema": 0.025452051173799506,
    "regul": 0.0006609435543192676,
    "regul_last": 0.026085482398569695
  }
}