{
  "optimizer": {
    "lr": 0.0008336929809196824
  },
  "strategy": {
    "alpha_ema": 0.44385864963522087,
    "alpha_ema_last": 0.4610904976960736,
    "regul": 0.0009124777928019983
  }
}