{
  "optimizer": {
    "lr": 0.0006745289266070248
  },
  "strategy": {
    "alpha_ema": 0.19045706093775347,
    "regul": 7.916034651271195e-05
  }
}