{
  "optimizer": {
    "lr": 0.00018547649196014047
  },
  "strategy": {
    "alpha_ema": 0.05617283624012576,
    "regul": 0.0018171233880616379
  }
}