{
  "optimizer": {
    "lr": 0.0007993967941822723
  },
  "strategy": {
    "regul": 0.00854663393299458
  }
}