{
  "optimizer": {
    "lr": 0.004956353235238021
  },
  "strategy": {
    "alpha_ema": 0.4843443820871088,
    "regul": 0.00019113561065902003
  }
}