{
  "optimizer": {
    "lr": 1.302862637275415e-05
  },
  "strategy": {
    "regul": 0.007632654727562694
  }
}