{
  "optimizer": {
    "lr": 0.05145845638788031
  },
  "strategy": {
    "alpha_ema": 0.13828303845684842,
    "regul": 0.005584420169324351
  }
}