{
  "optimizer": {
    "lr": 0.00018137985587653646
  },
  "strategy": {
    "alpha_ema": 0.08577164737117042,
    "regul": 0.5519015193537486
  }
}