{
  "optimizer": {
    "lr": 0.029667181556369736
  },
  "strategy": {
    "alpha_ema": 0.02048602069058464,
    "regul": 0.0013548326921872852,
    "regul_last": 0.005260160991820222
  }
}