{
  "optimizer": {
    "lr": 9.071868478480756e-05
  },
  "strategy": {
    "alpha_ema": 0.9797504633306209,
    "regul": 0.0001332181449052567
  }
}