{
  "optimizer": {
    "lr": 0.00023744942826052338
  },
  "strategy": {
    "alpha_ema": 0.243103034038464,
    "regul": 0.008027055693355383,
    "regul_last": 0.0732004783029235
  }
}