{
  "optimizer": {
    "lr": 0.010076998809040841
  },
  "strategy": {
    "alpha_ema": 0.02938305916462963,
    "lambda_": 0.16115469185192735,
    "regul": 2.8377140674347974e-05
  }
}