{
  "optimizer": {
    "lr": 0.00019276645280065507
  },
  "strategy": {
    "alpha_ema": 0.7065024191897901,
    "regul": 0.0030466737082331286
  }
}