{
  "strategy": {
    "alpha_ema": 0.5877513743689843,
    "clip": 2.389033802148238,
    "lambda_": 3.3008947014776826,
    "regul": 0.30884748503598564
  }
}