{
  "optimizer": {
    "lr": 0.044989634918760776
  },
  "strategy": {
    "alpha_ema": 0.013405341476301248,
    "regul": 0.014147446255661411
  }
}