{
  "optimizer": {
    "lr": 0.0008373005401935384
  },
  "strategy": {
    "alpha_ema": 0.776431777440845,
    "lambda_": 1.931909227655046,
    "regul": 0.04727294750915667
  }
}