{
  "optimizer": {
    "lr": 0.0001853005270648088
  },
  "strategy": {
    "alpha_ema": 0.7847372245018608,
    "alpha_ema_last": 0.26372189628827414,
    "clip": 59.79106991204856,
    "lambda_": 7.065467822803486,
    "regul": 0.5227547306848888,
    "regul_last": 0.00016904395437973818
  }
}