{
  "optimizer": {
    "lr": 0.004423911513330006
  },
  "strategy": {
    "regul": 0.0041292277085381805
  }
}