{
  "optimizer": {
    "lr": 0.0006105395803701584
  },
  "strategy": {
    "alpha_ema": 0.022751056825213396,
    "alpha_ema_last": 0.019683138346520863,
    "clip": 13.100476811543333,
    "lambda_": 0.21382758436456198,
    "regul": 0.10889914965875885,
    "regul_last": 0.29047142251791674
  }
}