{
  "optimizer": {
    "lr": 0.021147230736231138
  },
  "strategy": {
    "alpha_ema": 0.04647339673146748,
    "regul": 0.0007623138312334067
  }
}