{
  "optimizer": {
    "lr": 0.001934230768753483
  },
  "strategy": {
    "alpha_ema": 0.011063503587403191,
    "regul": 0.0076809406136390075
  }
}