{
  "strategy": {
    "alpha_ema": 0.42133777220348917,
    "clip": 0.4871668495706138,
    "lambda_": 0.40999564446097786,
    "regul": 0.4265100150207155
  }
}