{
  "optimizer": {
    "lr": 1.0063458024491485e-05
  },
  "strategy": {
    "alpha_ema": 0.6833148657336793,
    "regul": 0.0005197329863595164
  }
}