{
  "strategy": {
    "alpha_ema": 0.2561904440579122,
    "clip": 0.6325129709459699,
    "lambda_": 3.0468185690518013,
    "regul": 0.46961671321060755
  }
}