{
  "optimizer": {
    "lr": 0.09493188074538977
  },
  "strategy": {
    "alpha_ema": 0.06906955457424477,
    "regul": 0.005387081235465419
  }
}