{
  "optimizer": {
    "lr": 0.00026411423189393886
  },
  "strategy": {
    "alpha_ema": 0.10945856194925611,
    "alpha_ema_last": 0.14416431457945952,
    "regul": 0.02803571857892022
  }
}