{
  "optimizer": {
    "lr": 0.0012070475098604587
  },
  "strategy": {
    "alpha_ema": 0.17621743864004044,
    "regul": 0.07434871618146081
  }
}