{
  "optimizer": {
    "lr": 3.72876895860001e-05
  },
  "strategy": {
    "alpha_ema": 0.36960181916336565,
    "regul": 0.003977072777269227,
    "regul_last": 0.008061806512441302
  }
}