{
  "optimizer": {
    "lr": 0.0036259601832756027
  },
  "strategy": {
    "alpha_ema": 0.3199486600920849,
    "regul": 0.00045399374135062756
  }
}