{
  "optimizer": {
    "lr": 0.0009049148109164433
  },
  "strategy": {
    "alpha_ema": 0.7619945227125229,
    "regul": 0.029611519367230194
  }
}