{
  "optimizer": {
    "lr": 0.01924217590648102
  },
  "strategy": {
    "alpha_ema": 0.1411894281435081,
    "regul": 0.002840669843466975
  }
}