{
  "optimizer": {
    "lr": 0.0028728871749478246
  },
  "strategy": {
    "alpha_ema": 0.39779701678369084,
    "regul": 0.0010784010594556504
  }
}