{
  "optimizer": {
    "lr": 6.134390226435578e-05
  },
  "strategy": {
    "regul": 0.00021178152637411327
  }
}