{
  "optimizer": {
    "lr": 0.0014720540368229839
  },
  "strategy": {
    "alpha_ema": 0.627444922463249,
    "regul": 4.403528552141965e-05
  }
}