{
  "strategy": {
    "alpha_ema": 0.045311697598600535,
    "clip": 3.835558570764208,
    "lambda_": 0.19634947868545372,
    "regul": 0.004520713212141596
  }
}