{
  "optimizer": {
    "lr": 1.7228381828549134e-05
  },
  "strategy": {
    "alpha_ema": 0.1819614545731216,
    "alpha_ema_last": 0.20076955778337582,
    "regul": 0.00010035582905631601
  }
}