{
  "optimizer": {
    "lr": 0.026494448379087883
  },
  "strategy": {
    "alpha_ema": 0.06887083526996213,
    "regul": 0.001405145406304226
  }
}