{
  "optimizer": {
    "lr": 0.001438781977268677
  },
  "strategy": {
    "alpha_ema": 0.6374304228418941,
    "alpha_ema_last": 0.6276820802828564,
    "clip": 12916.141095216804,
    "lambda_": 0.23261952476895487,
    "regul": 0.010492751719902337,
    "regul_last": 0.6111521443630518
  }
}