{
  "optimizer": {
    "lr": 0.055445092756757255
  },
  "strategy": {
    "alpha_ema": 0.18067823783901776,
    "regul": 4.5603719915804024e-05,
    "regul_last": 0.008282634191998522
  }
}