{
  "optimizer": {
    "lr": 0.00035396004678972813
  },
  "strategy": {
    "regul": 0.0001441503404734573
  }
}