{
  "optimizer": {
    "lr": 0.0003815959800682383
  },
  "strategy": {
    "alpha_ema": 0.30777280664036966,
    "regul": 0.002050516350093829
  }
}