{
  "optimizer": {
    "lr": 7.865628952214088e-05
  },
  "strategy": {
    "alpha_ema": 0.47286194998169684,
    "regul": 0.0009608370157611721,
    "regul_last": 0.34585338974793955
  }
}