{
  "optimizer": {
    "lr": 2.507180527512571e-05
  },
  "strategy": {
    "alpha_ema": 0.503379101100075,
    "alpha_ema_last": 0.06780941279647444,
    "regul": 0.0029949274333023173
  }
}