{
  "strategy": {
    "alpha_ema": 0.24908667770729037,
    "alpha_ema_last": 0.12262767397779682,
    "clip": 0.1321904353246128,
    "lambda_": 2.3900033049991762,
    "regul": 0.005293119795922288,
    "regul_last": 0.002046515471727377
  }
}