{
  "optimizer": {
    "lr": 0.0015007055875607988
  },
  "strategy": {
    "regul": 0.002037686051681729
  }
}