{
  "optimizer": {
    "lr": 0.0008350962743077534
  },
  "strategy": {
    "regul": 0.0010513461486925657
  }
}