{
  "optimizer": {
    "lr": 0.0035218583076075814
  },
  "strategy": {
    "alpha_ema": 0.010927613072762686,
    "regul": 0.056512237134743154
  }
}