{
  "optimizer": {
    "lr": 9.407108892314367e-05
  },
  "strategy": {
    "alpha_ema": 0.058762731209248915,
    "regul": 0.0004895986649138727
  }
}