{
  "optimizer": {
    "lr": 5.039158173579176e-05
  },
  "strategy": {
    "alpha_ema": 0.049988142680922464,
    "regul": 1.1512817792421095e-05
  }
}