{
  "optimizer": {
    "lr": 0.002019665535963133
  },
  "strategy": {
    "alpha_ema": 0.055234236378214334,
    "alpha_ema_last": 0.010678394666045338,
    "regul": 0.001047610343464825
  }
}