{
  "optimizer": {
    "lr": 0.0001886209035115197
  },
  "strategy": {
    "alpha_ema": 0.25937939864087367,
    "regul": 0.0011125822753939166
  }
}