{
  "strategy": {
    "alpha_ema": 0.2532153897935046,
    "clip": 0.15256476719978473,
    "lambda_": 1.4075341729161228,
    "regul": 0.4343012113174176
  }
}