{
  "optimizer": {
    "lr": 0.03810164412842592
  },
  "strategy": {
    "alpha_ema": 0.2502858370658034,
    "lambda_": 2.2250401776197144,
    "regul": 0.00022576243442506863
  }
}