{
  "strategy": {
    "alpha_ema": 0.2599338688538447,
    "clip": 0.9032210291969386,
    "lambda_": 0.07603319282398127,
    "regul": 0.04239679163477893
  }
}