{
  "optimizer": {
    "lr": 2.4675380221746005e-05
  },
  "strategy": {
    "alpha_ema": 0.04126346081449689,
    "regul": 0.0032886822569336035
  }
}