{
  "optimizer": {
    "lr": 0.0015271019740766747
  },
  "strategy": {
    "alpha_ema": 0.01396632305213685,
    "regul": 7.46715307281822e-05
  }
}