{
  "optimizer": {
    "lr": 0.05629516749472827
  },
  "strategy": {
    "alpha_ema": 0.03818928670823231,
    "lambda_": 0.08578662094764564,
    "regul": 0.00011510186332362175
  }
}