{
  "optimizer": {
    "lr": 0.00028515125230762014
  },
  "strategy": {
    "alpha_ema": 0.08571133932827435,
    "lambda_": 4.476770038247065,
    "regul": 0.010414180473486653
  }
}