{
  "strategy": {
    "alpha_ema": 0.9588077269484171,
    "alpha_ema_last": 0.01098155489115754,
    "clip": 96.03513044534401,
    "lambda_": 0.2651358725772826,
    "regul": 0.00026294229387924413,
    "regul_last": 0.017957429295623994
  }
}