{
  "optimizer": {
    "lr": 0.011481151179701322
  },
  "strategy": {
    "alpha_ema": 0.04313252925877705,
    "regul": 0.0026883470675553725
  }
}