{
  "optimizer": {
    "lr": 0.0004776970453245498
  },
  "strategy": {
    "alpha_ema": 0.020012078595660038,
    "lambda_": 1.6239136557229967,
    "regul": 7.52321377383053e-05
  }
}