{
  "strategy": {
    "alpha_ema": 0.20078769914736544,
    "alpha_ema_last": 0.07848285263084237,
    "clip": 5.697117643321881,
    "lambda_": 0.2526838874910864,
    "regul": 0.014738515038454072,
    "regul_last": 0.002833538972711131
  }
}