{
  "optimizer": {
    "lr": 0.0020811652916190387
  },
  "strategy": {
    "alpha_ema": 0.011062047568107046,
    "lambda_": 0.3058306437162172,
    "regul": 0.22536432571768958
  }
}