{
  "optimizer": {
    "lr": 1.4494571160766315e-05
  },
  "strategy": {
    "alpha_ema": 0.05326571092231912,
    "regul": 1.5286482128602465e-05
  }
}