{
  "optimizer": {
    "lr": 0.004337408678963975
  },
  "strategy": {
    "alpha_ema": 0.06795720116159416,
    "regul": 2.3269794184616925e-05
  }
}