{
  "strategy": {
    "alpha_ema": 0.13715252011887696,
    "alpha_ema_last": 0.06238549329588353,
    "clip": 0.4268474312713594,
    "lambda_": 0.6263349047523001,
    "regul": 0.0051068541419698275,
    "regul_last": 0.002515993206504183
  }
}