{
  "strategy": {
    "alpha_ema": 0.022784489302222054,
    "clip": 0.9750081447201593,
    "lambda_": 1.9651057925228415,
    "regul": 0.10941375586409872
  }
}