{
  "optimizer": {
    "lr": 0.06073605259039458
  },
  "strategy": {
    "alpha_ema": 0.9883536545493662,
    "regul": 0.0002404299468189061
  }
}