{
  "optimizer": {
    "lr": 0.00029003970216405993
  },
  "strategy": {
    "alpha_ema": 0.583025187166204,
    "regul": 0.0004580623658794035,
    "regul_last": 0.0011537278920176924
  }
}