{
  "strategy": {
    "alpha_ema": 0.14156882502301332,
    "alpha_ema_last": 0.2708060268630322,
    "clip": 4.048733094371133,
    "lambda_": 8.71279128345501,
    "regul": 0.0005097509316322336,
    "regul_last": 0.7769976052913086
  }
}