{
  "optimizer": {
    "lr": 0.004750932179696754
  },
  "strategy": {
    "regul": 0.012882693553482727
  }
}