{
  "optimizer": {
    "lr": 3.961887736681961e-05
  },
  "strategy": {
    "regul": 0.0022746113220678222
  }
}