{
  "optimizer": {
    "lr": 0.013417442168340446
  },
  "strategy": {
    "alpha_ema": 0.20856778840568443,
    "regul": 0.00044000410299235404
  }
}