{
  "optimizer": {
    "lr": 1.4927035528652526e-05
  },
  "strategy": {
    "regul": 0.009780648106230352
  }
}