{
  "strategy": {
    "alpha_ema": 0.5142464949094195,
    "clip": 0.011048562919264232,
    "lambda_": 0.7377951188179404,
    "regul": 0.09059868104350197
  }
}