{
  "optimizer": {
    "lr": 0.00043208732880816407
  },
  "strategy": {
    "alpha_ema": 0.08180570336997434,
    "regul": 0.00010778139026453076
  }
}