{
  "optimizer": {
    "lr": 0.00123309932755261
  },
  "strategy": {
    "alpha_ema": 0.09032652654472355,
    "regul": 4.103792482487042e-05
  }
}