{
  "optimizer": {
    "lr": 0.00036021601184926924
  },
  "strategy": {
    "alpha_ema": 0.44441422978649003,
    "regul": 0.0001629206872995056
  }
}