{
  "optimizer": {
    "lr": 0.00013640916988188302
  },
  "strategy": {
    "regul": 0.0010362047803732094
  }
}