{
  "strategy": {
    "alpha_ema": 0.01225202016882294,
    "clip": 0.6625569234813725,
    "lambda_": 6.704472725755579,
    "regul": 0.0005199606565327051
  }
}