{
  "optimizer": {
    "lr": 0.0003961929134371012
  },
  "strategy": {
    "alpha_ema": 0.022138203691375875,
    "regul": 0.00046794963356398237
  }
}