{
  "optimizer": {
    "lr": 0.00011639025913261654
  },
  "strategy": {
    "alpha_ema": 0.5688888514306963,
    "regul": 0.002567486681809465
  }
}