{
  "strategy": {
    "alpha_ema": 0.11649262029121822,
    "clip": 1.8775125006563607,
    "lambda_": 0.022647403839206347,
    "regul": 0.009325030534687872
  }
}