{
  "optimizer": {
    "lr": 0.007410771824482636
  },
  "strategy": {
    "alpha_ema": 0.1437546091418868,
    "regul": 0.00782749899449845
  }
}