{
  "optimizer": {
    "lr": 0.0005588742085100786
  },
  "strategy": {
    "alpha_ema": 0.14556906552997367,
    "alpha_ema_last": 0.5777043259397933,
    "regul": 0.0003772276117866442
  }
}