{
  "optimizer": {
    "lr": 6.172416860477276e-05
  },
  "strategy": {
    "alpha_ema": 0.8678555434797558,
    "regul": 0.0004960844653743223
  }
}