{
  "optimizer": {
    "lr": 0.003940328386814784
  },
  "strategy": {
    "alpha_ema": 0.011478994160979875,
    "regul": 0.000573698306867094
  }
}