{
  "optimizer": {
    "lr": 0.00017808451698697245
  },
  "strategy": {
    "alpha_ema": 0.21155983494416242,
    "regul": 0.21390636894670492
  }
}