{
  "optimizer": {
    "lr": 0.04118800009271326
  },
  "strategy": {
    "alpha_ema": 0.688322315478305,
    "regul": 0.061136743799226866
  }
}