{
  "optimizer": {
    "lr": 7.396498673692894e-05
  },
  "strategy": {
    "alpha_ema": 0.9212266407245766,
    "regul": 2.506314411300899e-05
  }
}