{
  "optimizer": {
    "lr": 1.1303869085696562e-05
  },
  "strategy": {
    "alpha_ema": 0.2598622330262963,
    "alpha_ema_last": 0.07496817469637504,
    "regul": 0.001620759633893547
  }
}