{
  "strategy": {
    "alpha_ema": 0.1031966249753609,
    "alpha_ema_last": 0.19218121530833251,
    "clip": 0.26803030207259937,
    "lambda_": 2.2248216622064056,
    "regul": 0.0012289172020091116,
    "regul_last": 0.13010373155312355
  }
}