{
  "optimizer": {
    "lr": 0.003672461481010373
  },
  "strategy": {
    "alpha_ema": 0.01669141740624219,
    "lambda_": 1.0325697607006783,
    "regul": 0.09461504954568248
  }
}