{
  "optimizer": {
    "lr": 0.0011293829998979571
  },
  "strategy": {
    "regul": 0.00045825009614475134
  }
}