{
  "optimizer": {
    "lr": 8.754649129211145e-05
  },
  "strategy": {
    "alpha_ema": 0.9151518192450537,
    "regul": 0.00035861697762482514
  }
}