{
  "strategy": {
    "alpha_ema": 0.11864223718458006,
    "alpha_ema_last": 0.2252099976367266,
    "clip": 0.10806061248426721,
    "lambda_": 0.6915068002716778,
    "regul": 0.12265598141637547,
    "regul_last": 0.07546940462823555
  }
}