{
  "strategy": {
    "alpha_ema": 0.22023184879597116,
    "clip": 1.045668467769739,
    "lambda_": 0.056400821557455814,
    "regul": 0.9844704100580091
  }
}