{
  "optimizer": {
    "lr": 6.47879830744102e-05
  },
  "strategy": {
    "alpha_ema": 0.3572438849918896,
    "regul": 0.022754462512856326
  }
}