{
  "optimizer": {
    "lr": 0.03383082346839959
  },
  "strategy": {
    "regul": 0.001374205172762598
  }
}