{
  "optimizer": {
    "lr": 1.0392822290334395e-05
  },
  "strategy": {
    "regul": 0.014889079161356365
  }
}