{
  "optimizer": {
    "lr": 0.00014529897229422634
  },
  "strategy": {
    "alpha_ema": 0.023873467274534335,
    "regul": 7.047345451795148e-05
  }
}