{
  "optimizer": {
    "lr": 0.00036550941665297517
  },
  "strategy": {
    "alpha_ema": 0.8736531281035046,
    "regul": 0.0009573396750374937
  }
}