{
  "optimizer": {
    "lr": 7.026798033094675e-05
  },
  "strategy": {
    "regul": 0.00041252040691600224
  }
}