{
  "optimizer": {
    "lr": 0.00017898860289201345
  },
  "strategy": {
    "alpha_ema": 0.04510246934157821,
    "regul": 7.074793470037028e-05
  }
}