{
  "optimizer": {
    "lr": 0.00481854411495642
  },
  "strategy": {
    "alpha_ema": 0.022720026303424123,
    "regul": 0.00010027521213390775,
    "regul_last": 0.003251358990172288
  }
}