{
  "optimizer": {
    "lr": 0.00030668131292552994
  },
  "strategy": {
    "alpha_ema": 0.3463807047914663,
    "regul": 0.00012375366947360838
  }
}