{
  "optimizer": {
    "lr": 0.00013902968251720737
  },
  "strategy": {
    "alpha_ema": 0.4312421737490885,
    "regul": 0.0003853929547522157
  }
}