{
  "optimizer": {
    "lr": 7.386580953137177e-05
  },
  "strategy": {
    "alpha_ema": 0.7045666280370343,
    "regul": 0.024463495395082486
  }
}