{
  "optimizer": {
    "lr": 0.00025228012565596395
  },
  "strategy": {
    "alpha_ema": 0.710725184013143,
    "regul": 0.0004459906957976544
  }
}