{
  "optimizer": {
    "lr": 0.001711765169035277
  },
  "strategy": {
    "alpha_ema": 0.19962361929428407,
    "regul": 1.227177589796388e-05
  }
}