{
  "optimizer": {
    "lr": 0.0009674722323966782
  },
  "strategy": {
    "alpha_ema": 0.030837829928145228,
    "regul": 7.991553212886653e-05
  }
}