{
  "optimizer": {
    "lr": 1.56244844645214e-05
  },
  "strategy": {
    "alpha_ema": 0.15924019991859886,
    "regul": 0.017509676220687262
  }
}