{
  "optimizer": {
    "lr": 0.00071854699532731
  },
  "strategy": {
    "alpha_ema": 0.010038754002215424,
    "regul": 3.013948971807533e-05
  }
}