{
  "optimizer": {
    "lr": 5.5504502742308595e-05
  },
  "strategy": {
    "alpha_ema": 0.24638570459861048,
    "alpha_ema_last": 0.0304672068982101,
    "clip": 1007.6558542428552,
    "lambda_": 0.16409516980350883,
    "regul": 0.0001198778754056513,
    "regul_last": 0.000636178067203048
  }
}