{
  "optimizer": {
    "lr": 3.6389623485428854e-05
  },
  "strategy": {
    "regul": 0.00025446868616119095
  }
}