{
  "strategy": {
    "alpha_ema": 0.29510508914334116,
    "alpha_ema_last": 0.054425327070733914,
    "clip": 0.9188816329873408,
    "lambda_": 0.017863179786844284,
    "regul": 0.001070393424657217,
    "regul_last": 0.54708366002938
  }
}