{
  "optimizer": {
    "lr": 0.004707370775563049
  },
  "strategy": {
    "alpha_ema": 0.014056405798387765,
    "regul": 0.03556319574860455
  }
}