{
  "optimizer": {
    "lr": 0.00012978929232926962
  },
  "strategy": {
    "alpha_ema": 0.9356815447773166,
    "regul": 0.05912583781436642
  }
}