{
  "optimizer": {
    "lr": 5.8212331396930694e-05
  },
  "strategy": {
    "alpha_ema": 0.35523135408601003,
    "regul": 3.144689518385812e-05
  }
}