{
  "optimizer": {
    "lr": 4.108391154662188e-05
  },
  "strategy": {
    "alpha_ema": 0.8459407042408132,
    "alpha_ema_last": 0.10013493667919142,
    "regul": 0.0016236865925375844
  }
}