{
  "optimizer": {
    "lr": 7.927512348546465e-05
  },
  "strategy": {
    "alpha_ema": 0.014745464229507697,
    "regul": 0.004519286066209561
  }
}