{
  "strategy": {
    "alpha_ema": 0.6200944615784628,
    "clip": 0.10339910873029087,
    "lambda_": 7.1625733818488175,
    "regul": 0.03793643619901614
  }
}