{
  "optimizer": {
    "lr": 0.011584278193033407
  },
  "strategy": {
    "alpha_ema": 0.8826488522668167,
    "regul": 8.547832922512158e-05
  }
}