{
  "optimizer": {
    "lr": 0.002603257584790126
  },
  "strategy": {
    "regul": 0.0016010803211850375
  }
}