{
  "optimizer": {
    "lr": 0.00012503098367057573
  },
  "strategy": {
    "alpha_ema": 0.01884129385290707,
    "regul": 0.04950429611538942
  }
}