{
  "optimizer": {
    "lr": 0.0009165177450592458
  },
  "strategy": {
    "alpha_ema": 0.45494563325447135,
    "regul": 0.0012520249755334266
  }
}