{
  "optimizer": {
    "lr": 0.003908790528251795
  },
  "strategy": {
    "alpha_ema": 0.2095717043967419,
    "lambda_": 0.03441233828352574,
    "regul": 0.0007069513010546105
  }
}