{
  "optimizer": {
    "lr": 0.010649855268781715
  },
  "strategy": {
    "alpha_ema": 0.010287488977276342,
    "alpha_ema_last": 0.8115084403610608,
    "clip": 3728.133880871744,
    "lambda_": 0.9853093112984513,
    "regul": 0.018556739724859675,
    "regul_last": 0.4821569013796781
  }
}