{
  "optimizer": {
    "lr": 0.00288416052865453
  },
  "strategy": {
    "alpha_ema": 0.6808019009708351,
    "alpha_ema_last": 0.022475887638615712,
    "regul": 0.0006364871208006034
  }
}