{
  "optimizer": {
    "lr": 0.001933394378642543
  },
  "strategy": {
    "alpha_ema": 0.25146311455737863,
    "regul": 0.003396170643855896
  }
}