{
  "optimizer": {
    "lr": 0.0016580370886057378
  },
  "strategy": {
    "alpha_ema": 0.013286424250740666,
    "regul": 0.008771499902988271
  }
}