{
  "optimizer": {
    "lr": 0.03423948116382214
  },
  "strategy": {
    "alpha_ema": 0.01718963618497192,
    "regul": 0.00017255175985223293
  }
}