{
  "optimizer": {
    "lr": 0.011816041497250091
  },
  "strategy": {
    "alpha_ema": 0.7114641885432743,
    "regul": 0.0007477595528908509
  }
}