{
  "optimizer": {
    "lr": 0.0011058154001392958
  },
  "strategy": {
    "alpha_ema": 0.2546234177207433,
    "regul": 0.0014637642252445877
  }
}