{
  "optimizer": {
    "lr": 4.230050500942957e-05
  },
  "strategy": {
    "alpha_ema": 0.40065638888537125,
    "regul": 0.004941432256458961
  }
}