{
  "strategy": {
    "alpha_ema": 0.12321077416351789,
    "clip": 0.3320480075850706,
    "lambda_": 0.01952540470326024,
    "regul": 0.004382454600292775
  }
}