{
  "optimizer": {
    "lr": 1.7474486361950004e-05
  },
  "strategy": {
    "alpha_ema": 0.022438991662799654,
    "regul": 0.00010864665974471444
  }
}