{
  "optimizer": {
    "lr": 0.00019446510109065416
  },
  "strategy": {
    "alpha_ema": 0.34037199169927157,
    "regul": 0.0007309460019959402
  }
}