{
  "optimizer": {
    "lr": 9.417722856190106e-05
  },
  "strategy": {
    "alpha_ema": 0.727263595279696,
    "regul": 0.00039958177166145325
  }
}