{
  "optimizer": {
    "lr": 0.0034239707717229925
  },
  "strategy": {
    "alpha_ema": 0.09911934209879755,
    "regul": 5.1975083069592874e-05
  }
}