{
  "strategy": {
    "alpha_ema": 0.016014963613779652,
    "clip": 0.09355635142804002,
    "lambda_": 8.837367648472409,
    "regul": 0.18132070860916158
  }
}