{
  "optimizer": {
    "lr": 0.0027388140234982025
  },
  "strategy": {
    "alpha_ema": 0.44165854652634867,
    "regul": 0.01407113043514983
  }
}