{
  "optimizer": {
    "lr": 0.0004553449621606385
  },
  "strategy": {
    "alpha_ema": 0.12254211208165394,
    "regul": 0.00023542100148864697
  }
}