{
  "optimizer": {
    "lr": 0.0004107254785027702
  },
  "strategy": {
    "alpha_ema": 0.015428877790169531,
    "alpha_ema_last": 0.6257197594129827,
    "clip": 124.00031438023485,
    "lambda_": 1.062979681140881,
    "regul": 0.018041085899630566,
    "regul_last": 0.8898029539968821
  }
}