{
  "optimizer": {
    "lr": 2.2330973284276342e-05
  },
  "strategy": {
    "alpha_ema": 0.16941782473059314,
    "lambda_": 9.82904561028569,
    "regul": 7.28196639916107e-05
  }
}