{
  "optimizer": {
    "lr": 0.0063638699117805585
  },
  "strategy": {
    "alpha_ema": 0.33618244118785645,
    "regul": 0.0005373603335164613
  }
}