{
  "strategy": {
    "alpha_ema": 0.3042976990938131,
    "alpha_ema_last": 0.12864159344819312,
    "clip": 1.8959021834539103,
    "lambda_": 0.4312214838832263,
    "regul": 0.015229006766208203,
    "regul_last": 0.00013449409393699499
  }
}