{
  "optimizer": {
    "lr": 0.015883880377815435
  },
  "strategy": {
    "alpha_ema": 0.06515598519973476,
    "lambda_": 2.73104711529482,
    "regul": 0.003242024339201367
  }
}