{
  "optimizer": {
    "lr": 0.02146659395194832
  },
  "strategy": {
    "alpha_ema": 0.020273208481369865,
    "regul": 0.07350963727920871
  }
}