{
  "strategy": {
    "alpha_ema": 0.02505923267203026,
    "clip": 1.7517733990771864,
    "lambda_": 0.4344197641877044,
    "regul": 0.10871457549945858
  }
}