{
  "optimizer": {
    "lr": 0.011306750323096748
  },
  "strategy": {
    "alpha_ema": 0.010980496176563078,
    "regul": 0.00010821685128727744
  }
}