{
  "optimizer": {
    "lr": 9.643660023737368e-05
  },
  "strategy": {
    "alpha_ema": 0.01689418944637611,
    "regul": 0.020556818892742326
  }
}