{
  "strategy": {
    "alpha_ema": 0.3527434929627494,
    "alpha_ema_last": 0.07372243772290543,
    "clip": 2.613914349882679,
    "lambda_": 0.04611208411019624,
    "regul": 0.006915046833011421,
    "regul_last": 0.0009227579200405839
  }
}