{
  "strategy": {
    "alpha_ema": 0.2900888877101678,
    "alpha_ema_last": 0.02008647340886496,
    "clip": 10.546370205412249,
    "lambda_": 5.1709043337770275,
    "regul": 0.007418483270913694,
    "regul_last": 0.00010759900640708444
  }
}