{
  "optimizer": {
    "lr": 0.00044726955350263953
  },
  "strategy": {
    "alpha_ema": 0.31544274826812324,
    "alpha_ema_last": 0.16142682670746286,
    "regul": 0.02039584349492876
  }
}