{
  "optimizer": {
    "lr": 0.00010465457567801396
  },
  "strategy": {
    "alpha_ema": 0.19007851874786005,
    "regul": 0.001790677621703856
  }
}