{
  "optimizer": {
    "lr": 0.0011704570875271877
  },
  "strategy": {
    "alpha_ema": 0.026223722084451246,
    "regul": 0.002738277840395435
  }
}