{
  "optimizer": {
    "lr": 0.0008565714456462573
  },
  "strategy": {
    "alpha_ema": 0.11696930254027121,
    "regul": 6.323919292578849e-05
  }
}