{
  "optimizer": {
    "lr": 0.002913526982885471
  },
  "strategy": {
    "alpha_ema": 0.08291909573020739,
    "regul": 0.09416851096296837
  }
}