{
  "optimizer": {
    "lr": 1.0482580964743128e-05
  },
  "strategy": {
    "alpha_ema": 0.017310546347169904,
    "regul": 0.00018142943753274776
  }
}