{
  "optimizer": {
    "lr": 0.07612170926973424
  },
  "strategy": {
    "regul": 0.005671114551490294
  }
}