{
  "optimizer": {
    "lr": 0.0006864581356710522
  },
  "strategy": {
    "alpha_ema": 0.10240152000478427,
    "regul": 3.133315519677997e-05,
    "regul_last": 0.0065417401247157185
  }
}