{
  "optimizer": {
    "lr": 0.00013139935390217274
  },
  "strategy": {
    "alpha_ema": 0.017434545168218064,
    "regul": 0.0016513376674314976
  }
}