{
  "optimizer": {
    "lr": 0.001722159323444489
  },
  "strategy": {
    "alpha_ema": 0.042394891637281856,
    "regul": 0.000570913512276414
  }
}