{
  "optimizer": {
    "lr": 0.0009325811792134762
  },
  "strategy": {
    "alpha_ema": 0.999701019288586,
    "regul": 1.0859998950960453e-05
  }
}