{
  "strategy": {
    "alpha_ema": 0.018548062039307315,
    "clip": 2.541218432837321,
    "lambda_": 1.3018337092958034,
    "regul": 0.0004852703343641174
  }
}