{
  "optimizer": {
    "lr": 0.017882036705659816
  },
  "strategy": {
    "alpha_ema": 0.056027225903924706,
    "regul": 0.058935618990682476
  }
}