{
  "optimizer": {
    "lr": 9.709391178482047e-05
  },
  "strategy": {
    "alpha_ema": 0.849751367319429,
    "regul": 0.0003047565649476823
  }
}