{
  "optimizer": {
    "lr": 0.022793036873537176
  },
  "strategy": {
    "alpha_ema": 0.018011265338986945,
    "regul": 0.023343176897176507
  }
}