{
  "optimizer": {
    "lr": 0.00011677255624455359
  },
  "strategy": {
    "regul": 0.00011284984605246263
  }
}