{
  "strategy": {
    "alpha_ema": 0.1682444611514313,
    "clip": 0.0848801846196154,
    "lambda_": 0.28751667386496643,
    "regul": 0.25854663944734896
  }
}