{
  "optimizer": {
    "lr": 0.00014421330115518014
  },
  "strategy": {
    "alpha_ema": 0.04620934040431892,
    "alpha_ema_last": 0.025120292625761577,
    "clip": 67020.51725624765,
    "lambda_": 0.08375568324180757,
    "regul": 0.0002516953035112717,
    "regul_last": 0.0033053727366300265
  }
}