{
  "optimizer": {
    "lr": 3.407001051859083e-05
  },
  "strategy": {
    "alpha_ema": 0.03261379532627635,
    "regul": 0.010522055270407938
  }
}