{
  "optimizer": {
    "lr": 0.0010152424860600069
  },
  "strategy": {
    "alpha_ema": 0.5861962164788703,
    "lambda_": 0.010812142156707012,
    "regul": 0.032592613257660656
  }
}