{
  "strategy": {
    "alpha_ema": 0.013465665203337581,
    "clip": 1.434747460850091,
    "lambda_": 0.13410751696746506,
    "regul": 0.3601052918355612
  }
}