{
  "strategy": {
    "alpha_ema": 0.30871790412743927,
    "alpha_ema_last": 0.2801323774880878,
    "clip": 0.15594037171940175,
    "lambda_": 1.076818312968254,
    "regul": 0.0015426007150141643,
    "regul_last": 0.19860029415010239
  }
}