{
  "optimizer": {
    "lr": 0.002601431728881242
  },
  "strategy": {
    "alpha_ema": 0.4590283677425562,
    "regul": 0.0006516392644174679,
    "regul_last": 0.0005494276417416632
  }
}