{
  "optimizer": {
    "lr": 1.025911463653631e-05
  },
  "strategy": {
    "alpha_ema": 0.042834876915149894,
    "regul": 0.0002884779469845987
  }
}