{
  "optimizer": {
    "lr": 0.004502631269060847
  },
  "strategy": {
    "alpha_ema": 0.3358648177303387,
    "regul": 0.004544312529158637
  }
}