{
  "optimizer": {
    "lr": 0.029570280479544027
  },
  "strategy": {
    "alpha_ema": 0.06958730371049604,
    "regul": 0.0011592965541977432
  }
}