{
  "strategy": {
    "alpha_ema": 0.03675047035064528,
    "clip": 1.4597753600762058,
    "lambda_": 0.030338194658894438,
    "regul": 0.2358785785569436
  }
}