{
  "optimizer": {
    "lr": 0.0003704049567205885
  },
  "strategy": {
    "alpha_ema": 0.5220310118714443,
    "regul": 0.08024188412936085
  }
}