{
  "strategy": {
    "alpha_ema": 0.0933267983837977,
    "clip": 3.8364529684794935,
    "lambda_": 0.062394965552052234,
    "regul": 0.00019048259536721217
  }
}