{
  "optimizer": {
    "lr": 0.009907598432790935
  },
  "strategy": {
    "alpha_ema": 0.9104711155595656,
    "regul": 0.00020631015838999976,
    "regul_last": 0.0021732175377853404
  }
}