{
  "optimizer": {
    "lr": 0.00015994632908098902
  },
  "strategy": {
    "alpha_ema": 0.2849664148436553,
    "lambda_": 6.920468286508317,
    "regul": 0.00038837565232976686
  }
}