{
  "optimizer": {
    "lr": 0.0017012268238655534
  },
  "strategy": {
    "regul": 0.5600195203349683
  }
}