{
  "optimizer": {
    "lr": 0.0013889807268595272
  },
  "strategy": {
    "alpha_ema": 0.023353131686372305,
    "regul": 0.000321434547972449
  }
}