{
  "optimizer": {
    "lr": 0.00014674599333053284
  },
  "strategy": {
    "alpha_ema": 0.02471369613982169,
    "lambda_": 0.02309692811174485,
    "regul": 0.00019644028107780034
  }
}