{
  "strategy": {
    "alpha_ema": 0.20278254782108338,
    "clip": 0.053864249473413096,
    "lambda_": 0.011144536926357303,
    "regul": 0.07351645572527565
  }
}