{
  "optimizer": {
    "lr": 0.0010996101208918
  },
  "strategy": {
    "alpha_ema": 0.162478565398908,
    "alpha_ema_last": 0.056919850188955214,
    "clip": 2275.331223415435,
    "lambda_": 0.026260231081858525,
    "regul": 0.00021874814616150285,
    "regul_last": 0.008693260079399218
  }
}