{
  "strategy": {
    "alpha_ema": 0.07917131420715287,
    "clip": 2.125847966002888,
    "lambda_": 0.010742132415223106,
    "regul": 0.9219516812272602
  }
}