{
  "optimizer": {
    "lr": 0.00014411413329094296
  },
  "strategy": {
    "alpha_ema": 0.12523770198112505,
    "lambda_": 2.3252190969407396,
    "regul": 0.0010707060004817692
  }
}