{
  "optimizer": {
    "lr": 0.001030639744195074
  },
  "strategy": {
    "regul": 0.001431831236638067
  }
}