{
  "optimizer": {
    "lr": 1.7084316865185713e-05
  },
  "strategy": {
    "alpha_ema": 0.8531985751403053,
    "regul": 0.00013584331451184844
  }
}