{
  "strategy": {
    "alpha_ema": 0.02535630791759849,
    "clip": 4.820643207797682,
    "lambda_": 0.05948437392768519,
    "regul": 0.0003292011793026122
  }
}