{
  "optimizer": {
    "lr": 0.0007076550857831586
  },
  "strategy": {
    "alpha_ema": 0.7896740540325188,
    "lambda_": 1.9159892832351226,
    "regul": 0.04073550861986578
  }
}