{
  "optimizer": {
    "lr": 0.0031064540839728016
  },
  "strategy": {
    "alpha_ema": 0.010045430343228344,
    "regul": 5.522068006565984e-05
  }
}