{
  "strategy": {
    "alpha_ema": 0.042511491711839704,
    "clip": 0.20982700293928408,
    "lambda_": 6.439827932727442,
    "regul": 0.5474993082541157
  }
}