{
  "optimizer": {
    "lr": 0.0010260955658168045
  },
  "strategy": {
    "alpha_ema": 0.054972443603977184,
    "regul": 0.0008157909716093742
  }
}