{
  "optimizer": {
    "lr": 0.001205223053098179
  },
  "strategy": {
    "alpha_ema": 0.2748789910474525,
    "regul": 7.999014806224328e-05
  }
}