{
  "optimizer": {
    "lr": 0.0002480420301890018
  },
  "strategy": {
    "alpha_ema": 0.024944353568398938,
    "regul": 0.0023385561732361167
  }
}