{
  "strategy": {
    "alpha_ema": 0.5107105428692899,
    "alpha_ema_last": 0.0915779361082146,
    "clip": 2.1479577739394595,
    "lambda_": 0.13344463255438807,
    "regul": 0.0019828037570643847,
    "regul_last": 0.00021401351997248012
  }
}