{
  "optimizer": {
    "lr": 4.41870584229039e-05
  },
  "strategy": {
    "alpha_ema": 0.7967436947598427,
    "regul": 8.815986947591785e-05
  }
}