{
  "optimizer": {
    "lr": 0.0007683599068918318
  },
  "strategy": {
    "alpha_ema": 0.05017750670231918,
    "regul": 0.02619163053763854
  }
}