{
  "optimizer": {
    "lr": 6.99658449113229e-05
  },
  "strategy": {
    "alpha_ema": 0.49918324970658867,
    "alpha_ema_last": 0.6437863258486238,
    "regul": 0.00013147179784835645
  }
}