{
  "optimizer": {
    "lr": 0.005424809409696369
  },
  "strategy": {
    "alpha_ema": 0.7716951145499867,
    "regul": 0.002780402743008833
  }
}