{
  "optimizer": {
    "lr": 2.9324510935864207e-05
  },
  "strategy": {
    "alpha_ema": 0.05973074356543795,
    "regul": 0.00024537733765272324
  }
}