{
  "optimizer": {
    "lr": 0.0015162445716969712
  },
  "strategy": {
    "alpha_ema": 0.034003219935064555,
    "alpha_ema_last": 0.08767735558532812,
    "clip": 473.84359379871563,
    "lambda_": 0.010432594633690563,
    "regul": 0.00037905687939079793,
    "regul_last": 0.036340873787485094
  }
}