{
  "optimizer": {
    "lr": 1.2115741000525091e-05
  },
  "strategy": {
    "alpha_ema": 0.03854705306641549,
    "regul": 0.0002470855969550298
  }
}