{
  "optimizer": {
    "lr": 0.0002187971909162668
  },
  "strategy": {
    "alpha_ema": 0.011636273614168809,
    "regul": 1.0188572876597237e-05
  }
}