{
  "optimizer": {
    "lr": 0.0002033920789505279
  },
  "strategy": {
    "alpha_ema": 0.05388168070297581,
    "regul": 0.000354193311236567
  }
}