{
  "optimizer": {
    "lr": 0.001071196375489112
  },
  "strategy": {
    "alpha_ema": 0.01743936215040723,
    "regul": 0.00019993067477775265
  }
}