{
  "optimizer": {
    "lr": 0.010659383192450085
  },
  "strategy": {
    "alpha_ema": 0.16039067324317127,
    "regul": 0.010028798760424581
  }
}