{
  "strategy": {
    "alpha_ema": 0.4614673219618964,
    "clip": 0.773276014031311,
    "lambda_": 1.9968420990870284,
    "regul": 0.0005120782534225084
  }
}