{
  "optimizer": {
    "lr": 3.0444648348515722e-05
  },
  "strategy": {
    "alpha_ema": 0.05108769665368659,
    "regul": 0.0013936450873019972
  }
}