{
  "optimizer": {
    "lr": 0.017120068262208438
  },
  "strategy": {
    "alpha_ema": 0.02167301247755837,
    "regul": 0.00015124460692453388
  }
}