{
  "optimizer": {
    "lr": 0.047096026631342054
  },
  "strategy": {
    "alpha_ema": 0.5517720340573125,
    "regul": 0.0015101710858472625
  }
}