{
  "optimizer": {
    "lr": 2.3265654194588968e-05
  },
  "strategy": {
    "alpha_ema": 0.012269424600853469,
    "lambda_": 0.2987060426195946,
    "regul": 4.6090847921141375e-05
  }
}