{
  "optimizer": {
    "lr": 5.6695297572019385e-05
  },
  "strategy": {
    "alpha_ema": 0.6838230138368792,
    "alpha_ema_last": 0.49094672153455304,
    "regul": 0.00010700837248195294
  }
}