{
  "optimizer": {
    "lr": 0.07932190924933193
  },
  "strategy": {
    "alpha_ema": 0.24084511650163246,
    "regul": 0.0006587456607520586,
    "regul_last": 0.0009934626750883492
  }
}