{
  "optimizer": {
    "lr": 1.1454307089575097e-05
  },
  "strategy": {
    "regul": 0.0012016439268902894
  }
}