{
  "optimizer": {
    "lr": 0.0007122180470367521
  },
  "strategy": {
    "alpha_ema": 0.021711231303768487,
    "regul": 0.0003912272691984825
  }
}