{
  "optimizer": {
    "lr": 1.0067498735021648e-05
  },
  "strategy": {
    "alpha_ema": 0.7312460955476323,
    "regul": 0.03078902176814895
  }
}