{
  "optimizer": {
    "lr": 0.0007277924131686952
  },
  "strategy": {
    "alpha_ema": 0.07077440101338921,
    "regul": 0.00020307772536630003,
    "regul_last": 0.0003924168606363972
  }
}