{
  "optimizer": {
    "lr": 0.01830357045957429
  },
  "strategy": {
    "alpha_ema": 0.04058767701769301,
    "regul": 0.002432227969921193
  }
}