{
  "optimizer": {
    "lr": 0.0001563376009913382
  },
  "strategy": {
    "alpha_ema": 0.03966425033770886,
    "regul": 0.0707116369097545
  }
}