{
  "optimizer": {
    "lr": 0.0011921052646562845
  },
  "strategy": {
    "alpha_ema": 0.026711920892017734,
    "regul": 0.0020516682560643
  }
}