{
  "optimizer": {
    "lr": 0.000159327377631584
  },
  "strategy": {
    "alpha_ema": 0.579087704423992,
    "regul": 0.0008474753291280139
  }
}