{
  "strategy": {
    "alpha_ema": 0.2701546739317568,
    "clip": 0.015049916623370834,
    "lambda_": 1.2222073749858227,
    "regul": 0.0010092822434740547
  }
}