{
  "strategy": {
    "alpha_ema": 0.1592166296356132,
    "clip": 0.11684476748861261,
    "lambda_": 0.02103706101362495,
    "regul": 0.4320602357461617
  }
}