{
  "optimizer": {
    "lr": 5.125212860915685e-05
  },
  "strategy": {
    "alpha_ema": 0.05535681249208492,
    "alpha_ema_last": 0.014872210958074783,
    "clip": 27154.26205612656,
    "lambda_": 0.03240779861602927,
    "regul": 0.0004904705200763379,
    "regul_last": 0.003057435764235077
  }
}