{
  "optimizer": {
    "lr": 1.2320274961093676e-05
  },
  "strategy": {
    "alpha_ema": 0.027020817207451003,
    "regul": 3.1111645077583066e-05
  }
}