{
  "optimizer": {
    "lr": 1.2783517037783226e-05
  },
  "strategy": {
    "alpha_ema": 0.15544229057830097,
    "alpha_ema_last": 0.025244724937608824,
    "clip": 99476.21423292425,
    "lambda_": 0.0997664689592377,
    "regul": 0.008279674734084525,
    "regul_last": 0.025120925033544093
  }
}