{
  "optimizer": {
    "lr": 0.0006960529589469215
  },
  "strategy": {
    "alpha_ema": 0.3067178139486227,
    "lambda_": 0.19711219279764466,
    "regul": 0.16639187463787428
  }
}