{
  "optimizer": {
    "lr": 1.3251143736925027e-05
  },
  "strategy": {
    "alpha_ema": 0.23794580920496955,
    "alpha_ema_last": 0.05901831728841671,
    "regul": 0.00021722704505407116
  }
}