{
  "optimizer": {
    "lr": 1.8619188436242165e-05
  },
  "strategy": {
    "alpha_ema": 0.4742374906672466,
    "regul": 0.09754810062408802
  }
}