{
  "strategy": {
    "alpha_ema": 0.025210478435655402,
    "clip": 0.9882514363059733,
    "lambda_": 0.13731523601990817,
    "regul": 0.04789686392734499
  }
}