{
  "optimizer": {
    "lr": 0.004661422065178755
  },
  "strategy": {
    "alpha_ema": 0.04687897282197206,
    "regul": 9.225827430939491e-05
  }
}