{
  "strategy": {
    "alpha_ema": 0.010891650240457946,
    "clip": 4.012300103007842,
    "lambda_": 0.2091481934392265,
    "regul": 0.00017505586199391255
  }
}