{
  "optimizer": {
    "lr": 1.0724557072239435e-05
  },
  "strategy": {
    "alpha_ema": 0.09025039723928464,
    "regul": 0.0005942472947698275
  }
}