{
  "optimizer": {
    "lr": 3.6277849605870254e-05
  },
  "strategy": {
    "alpha_ema": 0.41002923328506763,
    "lambda_": 0.23763995631467444,
    "regul": 3.720030993082657e-05
  }
}