{
  "optimizer": {
    "lr": 4.607847002124024e-05
  },
  "strategy": {
    "regul": 0.1778803394711829
  }
}