{
  "optimizer": {
    "lr": 2.2945481923247685e-05
  },
  "strategy": {
    "alpha_ema": 0.02237064104606791,
    "lambda_": 0.46238419261095315,
    "regul": 0.1754477733194
  }
}