{
  "optimizer": {
    "lr": 0.04243558886903774
  },
  "strategy": {
    "alpha_ema": 0.010486815731854887,
    "regul": 0.0003781024505549513
  }
}