{
  "optimizer": {
    "lr": 0.00010566128367610576
  },
  "strategy": {
    "alpha_ema": 0.11615729558952419,
    "regul": 0.0008818501594664007,
    "regul_last": 0.00014049568637815955
  }
}