{
  "optimizer": {
    "lr": 0.02821966909154263
  },
  "strategy": {
    "alpha_ema": 0.7213012160527345,
    "regul": 0.0009642522362572975
  }
}