{
  "optimizer": {
    "lr": 3.3467678792470945e-05
  },
  "strategy": {
    "alpha_ema": 0.09220066540196613,
    "regul": 0.013149941165615638
  }
}