{
  "optimizer": {
    "lr": 0.0005772916739489912
  },
  "strategy": {
    "alpha_ema": 0.026654463768438764,
    "regul": 0.0013708523632578304
  }
}