{
  "optimizer": {
    "lr": 0.01021975122368437
  },
  "strategy": {
    "regul": 0.8293790434796161
  }
}