{
  "optimizer": {
    "lr": 0.00651089112420291
  },
  "strategy": {
    "alpha_ema": 0.5279815706135605,
    "lambda_": 0.01674770257619246,
    "regul": 0.00042048823139414484
  }
}