{
  "optimizer": {
    "lr": 4.0408607283635e-05
  },
  "strategy": {
    "regul": 0.11092996635581648
  }
}