{
  "optimizer": {
    "lr": 7.301413136574004e-05
  },
  "strategy": {
    "alpha_ema": 0.010043647277542608,
    "regul": 0.0018035512005404354
  }
}