{
  "optimizer": {
    "lr": 0.0006317085663744464
  },
  "strategy": {
    "alpha_ema": 0.2645681878370462,
    "regul": 4.1224102586700775e-05
  }
}