{
  "optimizer": {
    "lr": 0.0408395689536225
  },
  "strategy": {
    "alpha_ema": 0.039953410770794874,
    "regul": 0.0003351938976331587
  }
}