{
  "strategy": {
    "alpha_ema": 0.26764142382163786,
    "alpha_ema_last": 0.2875020279719553,
    "clip": 0.6503020363523236,
    "lambda_": 0.48478460666506806,
    "regul": 0.05334722527753864,
    "regul_last": 0.0005050464052399463
  }
}