{
  "optimizer": {
    "lr": 0.00026765609207645303
  },
  "strategy": {
    "alpha_ema": 0.010401820002090606,
    "lambda_": 3.2325899099119324,
    "regul": 5.7581824875800596e-05
  }
}