{
  "optimizer": {
    "lr": 3.0297130254010006e-05
  },
  "strategy": {
    "alpha_ema": 0.03817884543105372,
    "alpha_ema_last": 0.35703640681818843,
    "clip": 3.954479382008739,
    "lambda_": 0.3569825812755748,
    "regul": 0.0006494840460148603,
    "regul_last": 0.022959618207777633
  }
}