{
  "optimizer": {
    "lr": 4.396574497654127e-05
  },
  "strategy": {
    "alpha_ema": 0.30569833889431086,
    "regul": 1.6162256118060288e-05
  }
}