{
  "optimizer": {
    "lr": 0.014367621611011554
  },
  "strategy": {
    "alpha_ema": 0.012030699197500829,
    "regul": 0.043925117316758876
  }
}