{
  "optimizer": {
    "lr": 0.00037341595025515087
  },
  "strategy": {
    "regul": 0.05239355299402428
  }
}