{
  "strategy": {
    "alpha_ema": 0.011872697428283983,
    "clip": 0.07000377339573194,
    "lambda_": 1.7030897913392185,
    "regul": 0.008529263220567414
  }
}