{
  "optimizer": {
    "lr": 0.0002733056671938929
  },
  "strategy": {
    "alpha_ema": 0.9495202457078739,
    "alpha_ema_last": 0.4863214947508462,
    "clip": 17.853987369890053,
    "lambda_": 8.43336156577791,
    "regul": 0.1630353584586925,
    "regul_last": 0.14896884692214332
  }
}