{
  "optimizer": {
    "lr": 0.01794064257919779
  },
  "strategy": {
    "alpha_ema": 0.028260982981849692,
    "regul": 0.013585366505540016,
    "regul_last": 0.7169085328696783
  }
}