{
  "optimizer": {
    "lr": 0.006485729359971269
  },
  "strategy": {
    "alpha_ema": 0.010020712894432704,
    "regul": 3.0953459195327955e-05,
    "regul_last": 0.027434310934926775
  }
}