{
  "optimizer": {
    "lr": 0.0005360582166281755
  },
  "strategy": {
    "alpha_ema": 0.029056077622234333,
    "regul": 0.00367891872138673
  }
}