{
  "optimizer": {
    "lr": 0.000991688675693592
  },
  "strategy": {
    "alpha_ema": 0.15487207480710963,
    "regul": 0.00025791170905585406
  }
}