{
  "optimizer": {
    "lr": 1.7854700290395014e-05
  },
  "strategy": {
    "alpha_ema": 0.7446907167773412,
    "lambda_": 0.37176514728090454,
    "regul": 0.07321268781789289
  }
}