{
  "optimizer": {
    "lr": 1.0019823860547158e-05
  },
  "strategy": {
    "alpha_ema": 0.0757761787043361,
    "regul": 0.00019241448507332148
  }
}