{
  "optimizer": {
    "lr": 2.3012919746419314e-05
  },
  "strategy": {
    "alpha_ema": 0.6052992896169023,
    "regul": 0.0003949362233106472
  }
}