{
  "optimizer": {
    "lr": 0.00010342977528059183
  },
  "strategy": {
    "alpha_ema": 0.8078372785054799,
    "regul": 0.0005464100829641927
  }
}