{
  "optimizer": {
    "lr": 7.116640726630982e-05
  },
  "strategy": {
    "alpha_ema": 0.4857888978378902,
    "lambda_": 0.28681863614306413,
    "regul": 0.047252195593618804
  }
}