{
  "optimizer": {
    "lr": 3.961151080893672e-05
  },
  "strategy": {
    "alpha_ema": 0.13013224883091856,
    "regul": 0.04238261878305661
  }
}