{
  "optimizer": {
    "lr": 9.218520552867898e-05
  },
  "strategy": {
    "alpha_ema": 0.038333431982672334,
    "regul": 0.0206329684834264
  }
}