{
  "optimizer": {
    "lr": 0.009157982911158224
  },
  "strategy": {
    "alpha_ema": 0.8248142730400394,
    "regul": 0.0045568910731297275,
    "regul_last": 0.013724792957385459
  }
}