{
  "optimizer": {
    "lr": 0.009623899099834554
  },
  "strategy": {
    "alpha_ema": 0.014282794769733514,
    "regul": 4.687697657482823e-05
  }
}