{
  "optimizer": {
    "lr": 3.616456023394072e-05
  },
  "strategy": {
    "alpha_ema": 0.034286134258437996,
    "regul": 0.0023285012909750034
  }
}