{
  "strategy": {
    "alpha_ema": 0.6164344994131286,
    "alpha_ema_last": 0.015763644339956428,
    "clip": 1.3171523042772917,
    "lambda_": 0.5540677204124773,
    "regul": 0.04033963618427138,
    "regul_last": 0.0016896387420130927
  }
}