{
  "optimizer": {
    "lr": 1.6987303550155645e-05
  },
  "strategy": {
    "alpha_ema": 0.017620467340316387,
    "regul": 1.352088287246797e-05
  }
}