{
  "optimizer": {
    "lr": 0.000992219658500407
  },
  "strategy": {
    "alpha_ema": 0.02008154346580077,
    "regul": 0.00032492111772807733
  }
}