{
  "optimizer": {
    "lr": 5.3415309267335566e-05
  },
  "strategy": {
    "alpha_ema": 0.9146063139155687,
    "alpha_ema_last": 0.21882386147299182,
    "regul": 0.00016636822643510834
  }
}