{
  "strategy": {
    "alpha_ema": 0.2792674097098588,
    "alpha_ema_last": 0.17227223260754165,
    "clip": 40.054681852436964,
    "lambda_": 0.3981091392964882,
    "regul": 0.00011241606225859473,
    "regul_last": 0.08751938302910327
  }
}