{
  "strategy": {
    "alpha_ema": 0.02155977926383088,
    "clip": 0.0770227888862584,
    "lambda_": 3.659359015691761,
    "regul": 0.30410831158866714
  }
}