{
  "optimizer": {
    "lr": 0.0003119336174812566
  },
  "strategy": {
    "alpha_ema": 0.8018321898010311,
    "regul": 0.0014406166626414797
  }
}