{
  "optimizer": {
    "lr": 0.0005654241098191539
  },
  "strategy": {
    "alpha_ema": 0.2665448441693228,
    "regul": 0.000144461382021277
  }
}