{
  "optimizer": {
    "lr": 0.0015840358417465806
  },
  "strategy": {
    "regul": 0.0011657337745238226
  }
}