{
  "optimizer": {
    "lr": 0.006964485231914141
  },
  "strategy": {
    "alpha_ema": 0.013585217170075705,
    "regul": 0.0002719285588890075
  }
}