{
  "optimizer": {
    "lr": 0.0005426119342007144
  },
  "strategy": {
    "regul": 0.00017940668397072257
  }
}