{
  "optimizer": {
    "lr": 0.0007397737265467127
  },
  "strategy": {
    "alpha_ema": 0.043005830424408115,
    "alpha_ema_last": 0.25686835494406124,
    "clip": 645.41297269898,
    "lambda_": 4.0913161976254475,
    "regul": 0.9261414012379914,
    "regul_last": 0.49354268277184743
  }
}