{
  "optimizer": {
    "lr": 0.001219753881649852
  },
  "strategy": {
    "alpha_ema": 0.4431624347764165,
    "regul": 3.59966405712342e-05
  }
}