{
  "strategy": {
    "alpha_ema": 0.034132668315291964,
    "clip": 1.2713999646097747,
    "lambda_": 8.23805377404379,
    "regul": 0.251059319683106
  }
}