{
  "optimizer": {
    "lr": 1.0882355223023112e-05
  },
  "strategy": {
    "alpha_ema": 0.05892247904935392,
    "regul": 0.0003251221264684613
  }
}