{
  "optimizer": {
    "lr": 0.00034830344516769947
  },
  "strategy": {
    "alpha_ema": 0.11079593258424113,
    "regul": 0.005763814460764528
  }
}