{
  "optimizer": {
    "lr": 0.0001142788295447272
  },
  "strategy": {
    "alpha_ema": 0.08341492551973258,
    "regul": 0.0006171067071579594
  }
}