{
  "optimizer": {
    "lr": 0.010748252097685245
  },
  "strategy": {
    "regul": 4.4980291575105816e-05
  }
}