{
  "optimizer": {
    "lr": 0.036463908385237456
  },
  "strategy": {
    "alpha_ema": 0.7202868559959499,
    "regul": 0.011827227906476978
  }
}