{
  "optimizer": {
    "lr": 0.0014595642896210012
  },
  "strategy": {
    "alpha_ema": 0.041882229127304015,
    "regul": 0.0008833578962116362
  }
}