{
  "optimizer": {
    "lr": 0.00025418674708046986
  },
  "strategy": {
    "regul": 0.0060535970356500966
  }
}