{
  "optimizer": {
    "lr": 0.0027134586182742315
  },
  "strategy": {
    "alpha_ema": 0.02299577015211014,
    "lambda_": 0.012810639899725987,
    "regul": 0.0398362628668962
  }
}