{
  "optimizer": {
    "lr": 0.07191680935273322
  },
  "strategy": {
    "alpha_ema": 0.03534021549596565,
    "regul": 0.15645702557428262
  }
}