{
  "optimizer": {
    "lr": 0.00024238261746148377
  },
  "strategy": {
    "regul": 6.0406076392375496e-05
  }
}