{
  "optimizer": {
    "lr": 3.919918419953776e-05
  },
  "strategy": {
    "alpha_ema": 0.13698975282797377,
    "alpha_ema_last": 0.017575896028271847,
    "clip": 16190.768939085727,
    "lambda_": 1.661374828054677,
    "regul": 0.004425971897946326,
    "regul_last": 0.007176100798632984
  }
}