{
  "optimizer": {
    "lr": 0.0010376926512141163
  },
  "strategy": {
    "alpha_ema": 0.8672937064405666,
    "lambda_": 0.11630310243328239,
    "regul": 0.00016160656550940502
  }
}