{
  "optimizer": {
    "lr": 0.0005466660683064038
  },
  "strategy": {
    "alpha_ema": 0.3179758415074833,
    "lambda_": 1.179008833173135,
    "regul": 1.0083684570095714e-05
  }
}