{
  "strategy": {
    "alpha_ema": 0.08425121784641007,
    "alpha_ema_last": 0.14999218652172125,
    "clip": 3.6845303057663825,
    "lambda_": 0.02390787454402756,
    "regul": 0.1668511300033098,
    "regul_last": 0.00011034863251474479
  }
}