{
  "strategy": {
    "alpha_ema": 0.014091555996442844,
    "clip": 0.3585268467324414,
    "lambda_": 0.026910873013072142,
    "regul": 0.0010233647672533881
  }
}