{
  "optimizer": {
    "lr": 0.001225376164098534
  },
  "strategy": {
    "alpha_ema": 0.018787759589266814,
    "regul": 0.0009742094235208924
  }
}