{
  "optimizer": {
    "lr": 0.0006242048770652448
  },
  "strategy": {
    "alpha_ema": 0.36175405920304393,
    "lambda_": 2.1576863785336635,
    "regul": 0.00012719643862517784
  }
}