{
  "optimizer": {
    "lr": 0.00024602167599405177
  },
  "strategy": {
    "regul": 0.0007365351975526257
  }
}