{
  "strategy": {
    "alpha_ema": 0.04274887058252705,
    "clip": 0.7734094154818857,
    "lambda_": 0.23091700172584537,
    "regul": 0.014277779535343166
  }
}