{
  "optimizer": {
    "lr": 0.0002090051609500307
  },
  "strategy": {
    "alpha_ema": 0.48113427416158955,
    "lambda_": 2.861177906205225,
    "regul": 0.12621722336095836
  }
}