{
  "optimizer": {
    "lr": 3.293500057808075e-05
  },
  "strategy": {
    "alpha_ema": 0.47747229670744307,
    "regul": 1.5368939288654247e-05
  }
}