{
  "optimizer": {
    "lr": 0.00034892665788424496
  },
  "strategy": {
    "alpha_ema": 0.04032242670678146,
    "alpha_ema_last": 0.015529153628221663,
    "clip": 13605.300165050301,
    "lambda_": 0.020859024732549365,
    "regul": 0.00043346155080493866,
    "regul_last": 0.0038643500707273657
  }
}