{
  "optimizer": {
    "lr": 0.0016862676267571813
  },
  "strategy": {
    "alpha_ema": 0.014870164700071032,
    "regul": 0.029811651433748698
  }
}