{
  "optimizer": {
    "lr": 9.969637283554144e-05
  },
  "strategy": {
    "alpha_ema": 0.1054265703297027,
    "lambda_": 0.05323333623605686,
    "regul": 0.0008950162483251348
  }
}