{
  "strategy": {
    "alpha_ema": 0.13830864849713848,
    "alpha_ema_last": 0.17737487009273217,
    "clip": 0.38951510585760224,
    "lambda_": 1.304315089676073,
    "regul": 0.0006495365143571485,
    "regul_last": 0.018939447677718546
  }
}