{
  "optimizer": {
    "lr": 0.00034557328544251935
  },
  "strategy": {
    "alpha_ema": 0.09971441166045841,
    "regul": 0.0002208617209988122
  }
}