{
  "strategy": {
    "alpha_ema": 0.14746524064679,
    "clip": 2.98483119041957,
    "lambda_": 0.6587820000614615,
    "regul": 0.0037347196201188626
  }
}