{
  "optimizer": {
    "lr": 7.010210707747005e-05
  },
  "strategy": {
    "alpha_ema": 0.05036434152590958,
    "regul": 0.06099427546262487,
    "regul_last": 0.0024417536519833138
  }
}