{
  "optimizer": {
    "lr": 0.004157077940757036
  },
  "strategy": {
    "alpha_ema": 0.31028451874612856,
    "alpha_ema_last": 0.017958577742820923,
    "regul": 0.0004955280224002632
  }
}