{
  "optimizer": {
    "lr": 0.006682414254034242
  },
  "strategy": {
    "alpha_ema": 0.011351149063229836,
    "regul": 0.026979033962999787
  }
}