{
  "optimizer": {
    "lr": 0.007985141381989448
  },
  "strategy": {
    "alpha_ema": 0.017513463191930354,
    "regul": 0.09887001345933791
  }
}