{
  "optimizer": {
    "lr": 0.016961023014008824
  },
  "strategy": {
    "alpha_ema": 0.030302793854292267,
    "regul": 1.3481327003849715e-05
  }
}