{
  "optimizer": {
    "lr": 4.569018933207376e-05
  },
  "strategy": {
    "alpha_ema": 0.052132897495437064,
    "regul": 0.0557856669798798
  }
}