{
  "optimizer": {
    "lr": 0.002816863963361067
  },
  "strategy": {
    "alpha_ema": 0.020395967663257415,
    "regul": 0.011173633157643638
  }
}