{
  "optimizer": {
    "lr": 0.0035362798049470437
  },
  "strategy": {
    "alpha_ema": 0.40344290519072074,
    "regul": 0.0031069427123720647
  }
}