{
  "optimizer": {
    "lr": 0.00566837915578096
  },
  "strategy": {
    "alpha_ema": 0.015547280914463786,
    "regul": 0.0011192664885641913
  }
}