{
  "strategy": {
    "alpha_ema": 0.39258654840815427,
    "clip": 0.30181232270222846,
    "lambda_": 0.46246960760600553,
    "regul": 0.0015964134976838708
  }
}