{
  "optimizer": {
    "lr": 0.0012406964172819981
  },
  "strategy": {
    "alpha_ema": 0.15409595595636133,
    "alpha_ema_last": 0.017736301848004194,
    "regul": 0.0006218951519673774
  }
}