{
  "strategy": {
    "alpha_ema": 0.15954358765623103,
    "alpha_ema_last": 0.243838725823808,
    "clip": 0.34306832429379397,
    "lambda_": 1.354200469289607,
    "regul": 0.003215502367681402,
    "regul_last": 0.014294521623107757
  }
}