{
  "optimizer": {
    "lr": 0.0004222354983051666
  },
  "strategy": {
    "alpha_ema": 0.06295770215402426,
    "regul": 0.001596110033802029,
    "regul_last": 0.0085274757336586
  }
}