{
  "optimizer": {
    "lr": 0.09884520327393694
  },
  "strategy": {
    "regul": 0.01875608881399424
  }
}