{
  "optimizer": {
    "lr": 0.00021480157559147688
  },
  "strategy": {
    "alpha_ema": 0.14739810519290542,
    "alpha_ema_last": 0.011696932628452063,
    "clip": 9106.900271172366,
    "lambda_": 0.020023658638758136,
    "regul": 0.0019084278010565794,
    "regul_last": 0.009913268082149658
  }
}