{
  "optimizer": {
    "lr": 0.0030234190451575364
  },
  "strategy": {
    "alpha_ema": 0.017289307332120366,
    "regul": 2.8879314524708056e-05
  }
}