{
  "optimizer": {
    "lr": 0.01766428598790677
  },
  "strategy": {
    "regul": 0.003811582009013319
  }
}