{
  "optimizer": {
    "lr": 0.0007736206689955518
  },
  "strategy": {
    "alpha_ema": 0.0381324513489972,
    "regul": 9.10836897900794e-05
  }
}