{
  "optimizer": {
    "lr": 0.0018536092330232931
  },
  "strategy": {
    "regul": 0.08636961657792662
  }
}