{
  "optimizer": {
    "lr": 0.009163125089401557
  },
  "strategy": {
    "regul": 0.0018911777637419726
  }
}