{
  "optimizer": {
    "lr": 0.00013332016952338971
  },
  "strategy": {
    "alpha_ema": 0.03720566683455544,
    "alpha_ema_last": 0.010313765763303543,
    "clip": 83.87163987898366,
    "lambda_": 0.01484207756689754,
    "regul": 0.001017316688679747,
    "regul_last": 0.00047053373360396726
  }
}