{
  "optimizer": {
    "lr": 1.164028735019523e-05
  },
  "strategy": {
    "alpha_ema": 0.025777675641660856,
    "regul": 0.0006799168269165949
  }
}