{
  "optimizer": {
    "lr": 0.0005799225462571628
  },
  "strategy": {
    "alpha_ema": 0.2024718105990459,
    "regul": 0.004584453511365436
  }
}