{
  "optimizer": {
    "lr": 0.00015161013509586307
  },
  "strategy": {
    "alpha_ema": 0.7970321119892727,
    "alpha_ema_last": 0.13167951524183444,
    "regul": 0.0015250585943266907
  }
}