{
  "optimizer": {
    "lr": 0.009321909141533203
  },
  "strategy": {
    "alpha_ema": 0.6065951536258013,
    "regul": 0.10114956543704125
  }
}