{
  "strategy": {
    "alpha_ema": 0.011082361408783499,
    "clip": 0.20293769931488204,
    "lambda_": 1.4574682646170567,
    "regul": 0.9383163872439024
  }
}