{
  "optimizer": {
    "lr": 0.0013315841415464178
  },
  "strategy": {
    "alpha_ema": 0.35158342591640424,
    "lambda_": 1.340831552602629,
    "regul": 0.010813253188367932
  }
}