{
  "optimizer": {
    "lr": 0.004137376705655672
  },
  "strategy": {
    "regul": 0.0017606661775793557
  }
}