{
  "optimizer": {
    "lr": 2.496110707357116e-05
  },
  "strategy": {
    "regul": 0.0008627967536164715
  }
}