{
  "optimizer": {
    "lr": 0.012012680813056805
  },
  "strategy": {
    "alpha_ema": 0.13213963579832883,
    "alpha_ema_last": 0.03921900801137642,
    "clip": 40.8484823949083,
    "lambda_": 2.0551315469972247,
    "regul": 0.17921687398937408,
    "regul_last": 0.9087960957022811
  }
}