{
  "strategy": {
    "alpha_ema": 0.27765849816208177,
    "alpha_ema_last": 0.013516124057557265,
    "clip": 17.218203856282084,
    "lambda_": 0.05856834903727482,
    "regul": 0.0001855879241369594,
    "regul_last": 0.03170680637920564
  }
}