{
  "strategy": {
    "alpha_ema": 0.03473484456297238,
    "alpha_ema_last": 0.038596460014929265,
    "clip": 26.738215041638245,
    "lambda_": 0.2837773967477399,
    "regul": 0.0005039735684695361,
    "regul_last": 0.2993734186659981
  }
}