{
  "optimizer": {
    "lr": 6.855168118138758e-05
  },
  "strategy": {
    "regul": 0.11125836078600472
  }
}