{
  "optimizer": {
    "lr": 0.0025345251929316704
  },
  "strategy": {
    "alpha_ema": 0.14448991953363027,
    "regul": 0.002484259135327255,
    "regul_last": 0.16944933946726567
  }
}