{
  "optimizer": {
    "lr": 2.33091802113849e-05
  },
  "strategy": {
    "alpha_ema": 0.01578267716648337,
    "regul": 0.0012448809944489467
  }
}