{
  "optimizer": {
    "lr": 0.054264478196706455
  },
  "strategy": {
    "alpha_ema": 0.05316236589543388,
    "regul": 0.00027950759964388914
  }
}