{
  "optimizer": {
    "lr": 0.00039914893768241337
  },
  "strategy": {
    "alpha_ema": 0.4097536292972524,
    "alpha_ema_last": 0.3521526203431703,
    "regul": 0.0011097522889531666
  }
}