{
  "optimizer": {
    "lr": 0.05527558902065528
  },
  "strategy": {
    "regul": 0.09025232101871858
  }
}