{
  "optimizer": {
    "lr": 2.0711004930584046e-05
  },
  "strategy": {
    "regul": 0.9401549336261139
  }
}