{
  "optimizer": {
    "lr": 0.006849073539164037
  },
  "strategy": {
    "alpha_ema": 0.7003371599927423,
    "alpha_ema_last": 0.07879407370482236,
    "regul": 0.11330226400790715
  }
}