{
  "strategy": {
    "alpha_ema": 0.5256711695649512,
    "clip": 1.606589838865603,
    "lambda_": 3.0035219392798886,
    "regul": 0.01946029315211623
  }
}