{
  "optimizer": {
    "lr": 7.683550901562505e-05
  },
  "strategy": {
    "alpha_ema": 0.19451525112808815,
    "lambda_": 6.395525495024639,
    "regul": 0.013206878355641835
  }
}