{
  "optimizer": {
    "lr": 9.507200645911197e-05
  },
  "strategy": {
    "alpha_ema": 0.04203780997098336,
    "regul": 1.6040808808131972e-05
  }
}