{
  "optimizer": {
    "lr": 0.00015441581085082787
  },
  "strategy": {
    "alpha_ema": 0.03653183146637875,
    "regul": 0.00012435265783616016
  }
}