{
  "optimizer": {
    "lr": 0.016229104579751536
  },
  "strategy": {
    "alpha_ema": 0.012647186682703915,
    "regul": 1.569101668670599e-05
  }
}