{
  "optimizer": {
    "lr": 0.052634817339918025
  },
  "strategy": {
    "regul": 0.0019399519809092493
  }
}