{
  "optimizer": {
    "lr": 0.00016629439807308355
  },
  "strategy": {
    "alpha_ema": 0.14547543416794842,
    "regul": 0.0001220241125688412
  }
}