{
  "optimizer": {
    "lr": 0.0006961510848881047
  },
  "strategy": {
    "regul": 0.0077657087680292735
  }
}