{
  "optimizer": {
    "lr": 0.0026248500686343913
  },
  "strategy": {
    "alpha_ema": 0.07555152025989584,
    "regul": 7.887415452067306e-05,
    "regul_last": 0.004071523951709302
  }
}