{
  "optimizer": {
    "lr": 0.020451406588819766
  },
  "strategy": {
    "alpha_ema": 0.3349398650475585,
    "regul": 5.2665502647612184e-05
  }
}