{
  "optimizer": {
    "lr": 0.0006089331825684517
  },
  "strategy": {
    "alpha_ema": 0.024124791113075385,
    "regul": 0.0035478734570747925,
    "regul_last": 0.052640405194460435
  }
}