{
  "optimizer": {
    "lr": 0.0015717731204097892
  },
  "strategy": {
    "alpha_ema": 0.8632284090683197,
    "lambda_": 5.324771990474511,
    "regul": 0.01596348615671311
  }
}