{
  "optimizer": {
    "lr": 7.776840925780034e-05
  },
  "strategy": {
    "alpha_ema": 0.13028674567383752,
    "regul": 1.2450174954225384e-05
  }
}