{
  "optimizer": {
    "lr": 5.09805158623897e-05
  },
  "strategy": {
    "alpha_ema": 0.9254057820929298,
    "regul": 9.694733531941838e-05
  }
}