{
  "optimizer": {
    "lr": 0.059610137620978505
  },
  "strategy": {
    "alpha_ema": 0.017334748278997874,
    "regul": 6.973171025961981e-05
  }
}