{
  "optimizer": {
    "lr": 0.0006703582245564001
  },
  "strategy": {
    "alpha_ema": 0.02020410998625454,
    "alpha_ema_last": 0.03827283307662302,
    "regul": 0.019949578978476268
  }
}