{
  "optimizer": {
    "lr": 0.00014618400469964486
  },
  "strategy": {
    "alpha_ema": 0.996635114925651,
    "regul": 0.00045684147502283464
  }
}