{
  "optimizer": {
    "lr": 0.0006426851302031333
  },
  "strategy": {
    "alpha_ema": 0.02456360473913514,
    "regul": 0.00011228256078682825
  }
}