{
  "strategy": {
    "alpha_ema": 0.2278907904658918,
    "alpha_ema_last": 0.5715451856938397,
    "clip": 2.7339415564416525,
    "lambda_": 3.399207716923057,
    "regul": 0.0007564197843329189,
    "regul_last": 0.021591201667060037
  }
}