{
  "optimizer": {
    "lr": 0.00018406641880993235
  },
  "strategy": {
    "regul": 0.0031204442991689244
  }
}