{
  "optimizer": {
    "lr": 8.14145653788806e-05
  },
  "strategy": {
    "alpha_ema": 0.19941704114730954,
    "regul": 0.00022307459187352512
  }
}