{
  "optimizer": {
    "lr": 0.00022032657304984878
  },
  "strategy": {
    "alpha_ema": 0.2560521151545888,
    "regul": 0.0002495769816814751
  }
}