{
  "optimizer": {
    "lr": 0.0031704210904102102
  },
  "strategy": {
    "alpha_ema": 0.019327407891695875,
    "regul": 0.025622238672193327
  }
}