{
  "strategy": {
    "alpha_ema": 0.052470618207557974,
    "clip": 0.4283166683354075,
    "lambda_": 2.2593000941299657,
    "regul": 0.032153895773766525
  }
}