{
  "optimizer": {
    "lr": 0.0006152298683703673
  },
  "strategy": {
    "alpha_ema": 0.08641223050675391,
    "regul": 0.00017327626350421358
  }
}