{
  "strategy": {
    "alpha_ema": 0.0454347774226752,
    "clip": 4.039041616539391,
    "lambda_": 0.10218740367626616,
    "regul": 0.0260459839300123
  }
}