{
  "optimizer": {
    "lr": 2.030134337624937e-05
  },
  "strategy": {
    "alpha_ema": 0.11346200018749146,
    "regul": 0.010753502282416288
  }
}