{
  "optimizer": {
    "lr": 0.0005706630625376672
  },
  "strategy": {
    "alpha_ema": 0.4783707758395922,
    "lambda_": 0.5276821126668126,
    "regul": 1.947856626005648e-05
  }
}