{
  "optimizer": {
    "lr": 0.0060118359071234745
  },
  "strategy": {
    "alpha_ema": 0.01639321114492224,
    "regul": 0.023445461933602297
  }
}