{
  "optimizer": {
    "lr": 0.0001121874529833702
  },
  "strategy": {
    "alpha_ema": 0.020237307372668597,
    "regul": 0.0003662365793139551
  }
}