{
  "optimizer": {
    "lr": 0.0004074273589141914
  },
  "strategy": {
    "alpha_ema": 0.07758592446566319,
    "regul": 0.02233993882465832
  }
}