{
  "optimizer": {
    "lr": 0.03278973013661724
  },
  "strategy": {
    "regul": 0.003968078307343866
  }
}