{
  "strategy": {
    "alpha_ema": 0.15566506572804045,
    "alpha_ema_last": 0.01337920775035031,
    "clip": 56.51446438256201,
    "lambda_": 0.1588733484991445,
    "regul": 0.5732840603489053,
    "regul_last": 0.00015576310581074215
  }
}