{
  "optimizer": {
    "lr": 0.00011807174061170974
  },
  "strategy": {
    "alpha_ema": 0.010699637571196935,
    "alpha_ema_last": 0.29959413308828775,
    "regul": 0.00013259488658445408
  }
}