{
  "optimizer": {
    "lr": 0.06603990803241322
  },
  "strategy": {
    "alpha_ema": 0.06136479447419607,
    "regul": 0.004927405522823774,
    "regul_last": 0.011963460638494858
  }
}