{
  "optimizer": {
    "lr": 0.0001101136301385349
  },
  "strategy": {
    "alpha_ema": 0.15864681148138096,
    "regul": 4.541612399068668e-05
  }
}