{
  "optimizer": {
    "lr": 1.4591151501168093e-05
  },
  "strategy": {
    "alpha_ema": 0.11859894453790183,
    "lambda_": 7.41024256445509,
    "regul": 0.030060310336268527
  }
}