{
  "optimizer": {
    "lr": 0.00016901163408989222
  },
  "strategy": {
    "regul": 0.0031749130932401614
  }
}