{
  "optimizer": {
    "lr": 0.014939054363077464
  },
  "strategy": {
    "alpha_ema": 0.08614363390022695,
    "regul": 0.003686352288897633
  }
}