{
  "optimizer": {
    "lr": 0.001008253783744311
  },
  "strategy": {
    "alpha_ema": 0.020257380816331796,
    "regul": 0.0006602337478497833
  }
}