{
  "optimizer": {
    "lr": 0.0001555852600443294
  },
  "strategy": {
    "alpha_ema": 0.015520827590241803,
    "regul": 0.00013765830607560906
  }
}