{
  "optimizer": {
    "lr": 0.0047270150223699976
  },
  "strategy": {
    "alpha_ema": 0.015124198049377978,
    "regul": 0.037622555378173564
  }
}