{
  "strategy": {
    "alpha_ema": 0.9491248164920391,
    "clip": 1.5948638847884602,
    "lambda_": 4.8231466728803705,
    "regul": 0.0018999167685353586
  }
}