{
  "optimizer": {
    "lr": 1.9360945508527664e-05
  },
  "strategy": {
    "regul": 0.0013267819618507659
  }
}