{
  "optimizer": {
    "lr": 0.00023723908528768459
  },
  "strategy": {
    "alpha_ema": 0.012461929194598067,
    "lambda_": 0.11394425947614947,
    "regul": 0.0037755867110689156
  }
}