{
  "optimizer": {
    "lr": 0.010941360033657503
  },
  "strategy": {
    "alpha_ema": 0.1271052676240117,
    "lambda_": 0.03927292133654042,
    "regul": 0.033634177761647094
  }
}