{
  "optimizer": {
    "lr": 0.0025725975498797748
  },
  "strategy": {
    "alpha_ema": 0.030160779714322086,
    "regul": 0.013071458879315549
  }
}