{
  "optimizer": {
    "lr": 0.00011922252981832984
  },
  "strategy": {
    "alpha_ema": 0.05991473664597432,
    "regul": 0.0009626738834829773
  }
}