{
  "optimizer": {
    "lr": 0.09420613561704692
  },
  "strategy": {
    "alpha_ema": 0.01931022203405654,
    "regul": 1.4315117283053162e-05,
    "regul_last": 2.6660508081009677e-05
  }
}