{
  "optimizer": {
    "lr": 0.07865279242149821
  },
  "strategy": {
    "regul": 0.046759727336725544
  }
}