{
  "optimizer": {
    "lr": 9.136782870135688e-05
  },
  "strategy": {
    "alpha_ema": 0.32586937540542243,
    "lambda_": 0.017664091933640585,
    "regul": 0.00678095409639774
  }
}