{
  "optimizer": {
    "lr": 0.00010501422251916083
  },
  "strategy": {
    "alpha_ema": 0.48194395788778766,
    "regul": 0.013218114153668924
  }
}