{
  "optimizer": {
    "lr": 0.00026051142032104885
  },
  "strategy": {
    "alpha_ema": 0.04707207446867532,
    "regul": 0.044204714792960384
  }
}