{
  "optimizer": {
    "lr": 0.0004693657821164311
  },
  "strategy": {
    "alpha_ema": 0.10973420371909133,
    "regul": 0.0018786932238573824
  }
}