{
  "optimizer": {
    "lr": 0.0006410190945324669
  },
  "strategy": {
    "alpha_ema": 0.06287997306008201,
    "lambda_": 0.08461624562525279,
    "regul": 1.5255660053928688e-05
  }
}