{
  "optimizer": {
    "lr": 0.001254804440050195
  },
  "strategy": {
    "alpha_ema": 0.06657648193038547,
    "regul": 0.0004684828643645448
  }
}