{
  "optimizer": {
    "lr": 1.117405045641592e-05
  },
  "strategy": {
    "alpha_ema": 0.35028900627140025,
    "regul": 0.012505437371024766
  }
}