{
  "optimizer": {
    "lr": 1.864378327142117e-05
  },
  "strategy": {
    "alpha_ema": 0.03244068079568559,
    "regul": 0.0002722893042402149,
    "regul_last": 0.08469394028904546
  }
}