{
  "optimizer": {
    "lr": 0.001559937328360561
  },
  "strategy": {
    "alpha_ema": 0.5728256785596306,
    "lambda_": 0.4158169939365374,
    "regul": 0.0023629013313755205
  }
}