{
  "optimizer": {
    "lr": 2.9595994229903424e-05
  },
  "strategy": {
    "alpha_ema": 0.27839641247303554,
    "regul": 0.04245539594812731
  }
}