{
  "optimizer": {
    "lr": 0.00015968565903448368
  },
  "strategy": {
    "alpha_ema": 0.7839379852433986,
    "regul": 0.0002853348231179698
  }
}