{
  "optimizer": {
    "lr": 0.0014244528825735235
  },
  "strategy": {
    "regul": 2.515181835106084e-05
  }
}