{
  "optimizer": {
    "lr": 0.00616557001802696
  },
  "strategy": {
    "regul": 0.42955593040924217
  }
}