{
  "optimizer": {
    "lr": 1.8517754535962288e-05
  },
  "strategy": {
    "alpha_ema": 0.14939242924300175,
    "regul": 0.0010742803057013346
  }
}