{
  "optimizer": {
    "lr": 1.9746265072459598e-05
  },
  "strategy": {
    "alpha_ema": 0.7832170230471405,
    "alpha_ema_last": 0.04849936453449062,
    "regul": 0.046146943560442216
  }
}