{
  "optimizer": {
    "lr": 0.03952453343787144
  },
  "strategy": {
    "alpha_ema": 0.05702163230534628,
    "alpha_ema_last": 0.015694379107710786,
    "regul": 0.00016347103982768292
  }
}