{
  "optimizer": {
    "lr": 0.001245736000617303
  },
  "strategy": {
    "alpha_ema": 0.2481006966911493,
    "alpha_ema_last": 0.4097594691604981,
    "regul": 0.0009507038877075661
  }
}