{
  "optimizer": {
    "lr": 0.0164394868316342
  },
  "strategy": {
    "alpha_ema": 0.0871691895706858,
    "regul": 0.004997776738339623
  }
}