{
  "optimizer": {
    "lr": 0.06167386844500467
  },
  "strategy": {
    "alpha_ema": 0.35503947688086596,
    "regul": 0.005228153138917178
  }
}