{
  "optimizer": {
    "lr": 0.0006030484014602479
  },
  "strategy": {
    "regul": 0.0010778983604830016
  }
}