{
  "optimizer": {
    "lr": 0.006251557804040224
  },
  "strategy": {
    "alpha_ema": 0.01145072060971705,
    "regul": 0.003174029508059398
  }
}