{
  "strategy": {
    "alpha_ema": 0.4022640126000196,
    "alpha_ema_last": 0.33884511856061345,
    "clip": 0.45814353751373454,
    "lambda_": 4.301189285155771,
    "regul": 0.0026081561840191306,
    "regul_last": 0.01125224723917685
  }
}