{
  "optimizer": {
    "lr": 0.004104889142988687
  },
  "strategy": {
    "alpha_ema": 0.1584147733649513,
    "regul": 0.00014414378296648595
  }
}