{
  "optimizer": {
    "lr": 0.006914361910363325
  },
  "strategy": {
    "alpha_ema": 0.03922411716289002,
    "regul": 0.5062283182304579,
    "regul_last": 0.001286569618753525
  }
}