{
  "optimizer": {
    "lr": 0.00022791450884904782
  },
  "strategy": {
    "alpha_ema": 0.15431632938552817,
    "lambda_": 0.07039524393408761,
    "regul": 0.009079739132253895
  }
}