{
  "optimizer": {
    "lr": 0.05020209282128337
  },
  "strategy": {
    "alpha_ema": 0.0761232386737182,
    "regul": 1.106762076532592e-05,
    "regul_last": 1.4244264782207973e-05
  }
}