{
  "optimizer": {
    "lr": 0.0014167179238206817
  },
  "strategy": {
    "alpha_ema": 0.2318309074060493,
    "alpha_ema_last": 0.17360507090013017,
    "regul": 0.00011580825975514155
  }
}