{
  "optimizer": {
    "lr": 1.0323627549531621e-05
  },
  "strategy": {
    "regul": 2.0738106400860884e-05
  }
}