{
  "optimizer": {
    "lr": 2.3930845827684453e-05
  },
  "strategy": {
    "alpha_ema": 0.08499546998101569,
    "alpha_ema_last": 0.17867503622157457,
    "clip": 33015.435393764645,
    "lambda_": 0.020544757056801945,
    "regul": 0.0027549340979163258,
    "regul_last": 0.005477810467372542
  }
}