{
  "optimizer": {
    "lr": 5.717365378658462e-05
  },
  "strategy": {
    "alpha_ema": 0.16646094813370357,
    "alpha_ema_last": 0.5374447223351034,
    "regul": 0.006854996001601729
  }
}