{
  "optimizer": {
    "lr": 1.825349133036557e-05
  },
  "strategy": {
    "alpha_ema": 0.1073471852224441,
    "regul": 0.009124294884095486
  }
}