{
  "optimizer": {
    "lr": 0.0022736209433188207
  },
  "strategy": {
    "regul": 0.07342060747635545
  }
}