{
  "optimizer": {
    "lr": 2.4503493240059902e-05
  },
  "strategy": {
    "alpha_ema": 0.026763232752840656,
    "alpha_ema_last": 0.09157274527125428,
    "clip": 1333.3696658035528,
    "lambda_": 0.040009853542545736,
    "regul": 0.000895588469312098,
    "regul_last": 0.015228824652321022
  }
}