{
  "optimizer": {
    "lr": 0.010994893422175913
  },
  "strategy": {
    "alpha_ema": 0.028583378410692462,
    "regul": 1.8012876193805054e-05,
    "regul_last": 0.044632025537305574
  }
}