{
  "optimizer": {
    "lr": 0.0016196055869314694
  },
  "strategy": {
    "alpha_ema": 0.02089466326431085,
    "lambda_": 0.2577110275416106,
    "regul": 0.06575028512309086
  }
}