{
  "optimizer": {
    "lr": 1.2606857274525869e-05
  },
  "strategy": {
    "alpha_ema": 0.05630315682407738,
    "regul": 0.00012097805733623883,
    "regul_last": 0.0008684154348981942
  }
}