{
  "optimizer": {
    "lr": 0.0030557630483756
  },
  "strategy": {
    "alpha_ema": 0.37372748590075056,
    "regul": 0.0005231860374069709
  }
}