{
  "optimizer": {
    "lr": 0.014787042649318157
  },
  "strategy": {
    "alpha_ema": 0.07446716969466137,
    "alpha_ema_last": 0.02305137700374382,
    "clip": 897.1400071868256,
    "lambda_": 0.024969798674509398,
    "regul": 0.0001104538067962071,
    "regul_last": 0.004331574659717519
  }
}