{
  "strategy": {
    "alpha_ema": 0.8071898552899319,
    "clip": 1.4719978472178592,
    "lambda_": 1.1296091431389947,
    "regul": 0.005382104055204526
  }
}