{
  "optimizer": {
    "lr": 0.0016083813380226414
  },
  "strategy": {
    "alpha_ema": 0.16252784287959204,
    "regul": 0.00027475992487341344
  }
}