{
  "optimizer": {
    "lr": 0.028872031321486843
  },
  "strategy": {
    "alpha_ema": 0.06680614723571372,
    "regul": 2.5889799917838015e-05,
    "regul_last": 0.024783494620722133
  }
}