{
  "optimizer": {
    "lr": 0.002926789534833792
  },
  "strategy": {
    "alpha_ema": 0.09734815450578965,
    "alpha_ema_last": 0.03467360833243146,
    "clip": 1455.7699389488466,
    "lambda_": 99.80310372762723,
    "regul": 0.0002534365452505597,
    "regul_last": 0.12457663583803287
  }
}