{
  "optimizer": {
    "lr": 0.02205564013345834
  },
  "strategy": {
    "alpha_ema": 0.02148074694814379,
    "regul": 1.0244367221398083e-05
  }
}