{
  "optimizer": {
    "lr": 0.0018405322164849263
  },
  "strategy": {
    "regul": 0.001251576370022945
  }
}