{
  "strategy": {
    "alpha_ema": 0.0316016014209312,
    "clip": 0.1454089351411322,
    "lambda_": 0.3475923649578582,
    "regul": 0.0006332904730158795
  }
}