{
  "optimizer": {
    "lr": 0.03456223868101278
  },
  "strategy": {
    "alpha_ema": 0.11928084139109453,
    "regul": 0.00011726981850757342,
    "regul_last": 0.0010582184981875133
  }
}