{
  "optimizer": {
    "lr": 0.04608074881627506
  },
  "strategy": {
    "alpha_ema": 0.23032739873211094,
    "lambda_": 0.28985358596615246,
    "regul": 5.451808316005302e-05
  }
}