{
  "optimizer": {
    "lr": 0.00040742697017590924
  },
  "strategy": {
    "regul": 1.5186111485872266e-05
  }
}