{
  "optimizer": {
    "lr": 0.0005433167233362599
  },
  "strategy": {
    "regul": 0.02726225046507278
  }
}