{
  "optimizer": {
    "lr": 0.004230076898385823
  },
  "strategy": {
    "alpha_ema": 0.09900369429720995,
    "regul": 0.00023819894930713947
  }
}