{
  "optimizer": {
    "lr": 0.00029635475442736604
  },
  "strategy": {
    "alpha_ema": 0.15465822897638465,
    "regul": 1.1329679260947517e-05
  }
}