{
  "optimizer": {
    "lr": 2.9455712507951885e-05
  },
  "strategy": {
    "alpha_ema": 0.0704945790681184,
    "alpha_ema_last": 0.11032808945842644,
    "regul": 0.06773532870698001
  }
}