{
  "optimizer": {
    "lr": 0.005748039344953376
  },
  "strategy": {
    "alpha_ema": 0.7502148862333975,
    "lambda_": 4.6685610518024365,
    "regul": 0.00013829880446242175
  }
}