{
  "optimizer": {
    "lr": 0.00021293152383511824
  },
  "strategy": {
    "alpha_ema": 0.20354438763752214,
    "regul": 1.0144768461082296e-05
  }
}