{
  "optimizer": {
    "lr": 0.0005114076136140651
  },
  "strategy": {
    "alpha_ema": 0.25575448564447817,
    "regul": 0.00037086926106221657
  }
}