{
  "strategy": {
    "alpha_ema": 0.16318576282177333,
    "alpha_ema_last": 0.9939296107615324,
    "clip": 5.075834410994461,
    "lambda_": 7.441115122660939,
    "regul": 0.008059663838509246,
    "regul_last": 0.02663880832345791
  }
}