{
  "optimizer": {
    "lr": 0.004427473262548118
  },
  "strategy": {
    "alpha_ema": 0.021735162794530385,
    "regul": 0.0007363530416887922
  }
}