{
  "optimizer": {
    "lr": 0.008947318626220821
  },
  "strategy": {
    "alpha_ema": 0.054881889648720324,
    "regul": 0.000813289549185292,
    "regul_last": 0.018263453917573277
  }
}