{
  "optimizer": {
    "lr": 0.0028363136548713807
  },
  "strategy": {
    "alpha_ema": 0.09065428691828925,
    "regul": 0.01471406583834144
  }
}