{
  "optimizer": {
    "lr": 0.0006333552356159135
  },
  "strategy": {
    "alpha_ema": 0.2579998071064409,
    "regul": 0.001744837111758557
  }
}