{
  "optimizer": {
    "lr": 0.0016536854875796802
  },
  "strategy": {
    "alpha_ema": 0.5903823462193113,
    "regul": 0.007221525992884166
  }
}