{
  "strategy": {
    "alpha_ema": 0.36590485484698965,
    "clip": 4.503628031678939,
    "lambda_": 1.1341458355792076,
    "regul": 0.006265454741379674
  }
}