{
  "optimizer": {
    "lr": 0.009164523832745413
  },
  "strategy": {
    "alpha_ema": 0.01715858271524892,
    "regul": 0.0001001600946567778
  }
}