{
  "optimizer": {
    "lr": 0.0012730809143222635
  },
  "strategy": {
    "alpha_ema": 0.010883470714325851,
    "regul": 0.0006016634162880464,
    "regul_last": 7.742308127412984e-05
  }
}