{
  "strategy": {
    "alpha_ema": 0.010476495771446423,
    "clip": 1.7070417508726201,
    "lambda_": 0.6390786306521158,
    "regul": 0.19193068302393548
  }
}