{
  "strategy": {
    "alpha_ema": 0.3055022765881923,
    "clip": 0.3713016960824047,
    "lambda_": 0.10548628701953082,
    "regul": 0.05114574210083851
  }
}