{
  "optimizer": {
    "lr": 0.015821702303121278
  },
  "strategy": {
    "alpha_ema": 0.6419228603615775,
    "regul": 0.39386890257785034
  }
}