{
  "strategy": {
    "alpha_ema": 0.0588568704595313,
    "clip": 0.021244404964277045,
    "lambda_": 1.0806437477303177,
    "regul": 0.14622657326353505
  }
}