{
  "strategy": {
    "alpha_ema": 0.6484569749697757,
    "clip": 0.625830415128974,
    "lambda_": 3.090175365611346,
    "regul": 0.0017737375063045667
  }
}