{
  "optimizer": {
    "lr": 0.00017540091347641835
  },
  "strategy": {
    "alpha_ema": 0.2682217036836188,
    "alpha_ema_last": 0.0924298394545946,
    "regul": 0.018361014083897082
  }
}