{
  "optimizer": {
    "lr": 0.002669436666341735
  },
  "strategy": {
    "alpha_ema": 0.03504497976579103,
    "regul": 5.2800057430882386e-05
  }
}