{
  "optimizer": {
    "lr": 9.884163784807118e-05
  },
  "strategy": {
    "alpha_ema": 0.020069336922028953,
    "regul": 5.398679268967894e-05,
    "regul_last": 0.0001512262187514327
  }
}