{
  "optimizer": {
    "lr": 0.0055635589350471895
  },
  "strategy": {
    "alpha_ema": 0.366040196812301,
    "lambda_": 0.7903507830928538,
    "regul": 0.000127134809891215
  }
}