{
  "strategy": {
    "alpha_ema": 0.1835607945154554,
    "clip": 0.16635701808417336,
    "lambda_": 0.016293422540195744,
    "regul": 0.13183880826436994
  }
}