{
  "strategy": {
    "alpha_ema": 0.3444131545632636,
    "alpha_ema_last": 0.10201761733360022,
    "clip": 0.7315138993328605,
    "lambda_": 0.5417769796993529,
    "regul": 0.0001536141975740298,
    "regul_last": 0.0021233516666297925
  }
}