{
  "optimizer": {
    "lr": 0.0002713768279363983
  },
  "strategy": {
    "alpha_ema": 0.025338720614653403,
    "regul": 0.001284024851708005
  }
}