{
  "strategy": {
    "alpha_ema": 0.5022771659864628,
    "clip": 0.04626370375837113,
    "lambda_": 1.8595262970929483,
    "regul": 0.007641127075799459
  }
}