{
  "optimizer": {
    "lr": 0.00014025201338117158
  },
  "strategy": {
    "alpha_ema": 0.9917323303383082,
    "alpha_ema_last": 0.20484613212715638,
    "regul": 0.00010380078256639629
  }
}