{
  "optimizer": {
    "lr": 7.629669160537096e-05
  },
  "strategy": {
    "alpha_ema": 0.06462168952486504,
    "lambda_": 6.460791860954864,
    "regul": 0.685902092104588
  }
}