{
  "optimizer": {
    "lr": 0.0005316681470318227
  },
  "strategy": {
    "alpha_ema": 0.9747653030120822,
    "regul": 0.002267154872948825
  }
}