{
  "optimizer": {
    "lr": 0.0006766127863984976
  },
  "strategy": {
    "regul": 0.004729859640185435
  }
}