{
  "optimizer": {
    "lr": 0.020463039117801167
  },
  "strategy": {
    "regul": 0.0061289170954351
  }
}