{
  "optimizer": {
    "lr": 1.047627916237435e-05
  },
  "strategy": {
    "alpha_ema": 0.02611437113622569,
    "lambda_": 0.026631778530946285,
    "regul": 3.953398328885061e-05
  }
}