{
  "optimizer": {
    "lr": 0.00010936310505070922
  },
  "strategy": {
    "alpha_ema": 0.04281302453911353,
    "lambda_": 0.023268418606335543,
    "regul": 0.4507109453721661
  }
}