{
  "optimizer": {
    "lr": 0.001047157281871715
  },
  "strategy": {
    "alpha_ema": 0.17520128244609137,
    "lambda_": 0.25792236655064005,
    "regul": 0.027584950770882917
  }
}