{
  "optimizer": {
    "lr": 0.0022974771439227028
  },
  "strategy": {
    "alpha_ema": 0.6832916476950377,
    "regul": 0.0008501523178964784
  }
}