{
  "optimizer": {
    "lr": 0.0017718920923841671
  },
  "strategy": {
    "alpha_ema": 0.49502504479552223,
    "regul": 0.02043453516870397
  }
}