{
  "optimizer": {
    "lr": 0.000349687109959569
  },
  "strategy": {
    "alpha_ema": 0.3046562737048293,
    "alpha_ema_last": 0.17858635169604412,
    "regul": 0.0003268506331075023
  }
}