{
  "optimizer": {
    "lr": 1.0161381752463393e-05
  },
  "strategy": {
    "alpha_ema": 0.3715211332588114,
    "lambda_": 4.250808145869783,
    "regul": 0.029768955158477998
  }
}