{
  "optimizer": {
    "lr": 0.01275465913737797
  },
  "strategy": {
    "alpha_ema": 0.12875471754517523,
    "regul": 1.638763705946503e-05
  }
}