{
  "optimizer": {
    "lr": 0.0003953077741179771
  },
  "strategy": {
    "alpha_ema": 0.10226318336948803,
    "regul": 3.947938214381336e-05,
    "regul_last": 0.02444453587579883
  }
}