{
  "optimizer": {
    "lr": 0.0012006420922644216
  },
  "strategy": {
    "alpha_ema": 0.04460095728521864,
    "regul": 0.00028989818324439256,
    "regul_last": 0.0001690992827446737
  }
}