{
  "optimizer": {
    "lr": 4.691044959067632e-05
  },
  "strategy": {
    "alpha_ema": 0.016078677469985675,
    "regul": 0.005201306370011814
  }
}