{
  "optimizer": {
    "lr": 6.436459481229765e-05
  },
  "strategy": {
    "alpha_ema": 0.0645828639965776,
    "regul": 0.09148396788969354
  }
}