{
  "optimizer": {
    "lr": 0.00013620588847290901
  },
  "strategy": {
    "regul": 0.002240162286524359
  }
}