{
  "optimizer": {
    "lr": 0.0007296708246511207
  },
  "strategy": {
    "alpha_ema": 0.02356961174000758,
    "regul": 0.0004104059103625422
  }
}