{
  "optimizer": {
    "lr": 0.00017553292686522896
  },
  "strategy": {
    "regul": 0.005683875356848442
  }
}