{
  "optimizer": {
    "lr": 0.04009892110731348
  },
  "strategy": {
    "alpha_ema": 0.4514866069417245,
    "alpha_ema_last": 0.026599475119878587,
    "regul": 0.08891297254410796
  }
}