{
  "optimizer": {
    "lr": 0.0003835739841491912
  },
  "strategy": {
    "alpha_ema": 0.013838161823733418,
    "regul": 3.16192239547611e-05
  }
}