{
  "optimizer": {
    "lr": 0.00023125663254843079
  },
  "strategy": {
    "alpha_ema": 0.030934239294471613,
    "regul": 0.00014578144810504997
  }
}