{
  "optimizer": {
    "lr": 0.0001063016475707977
  },
  "strategy": {
    "alpha_ema": 0.2243608825329266,
    "regul": 0.0007597321595628368
  }
}