{
  "optimizer": {
    "lr": 0.007492565518168283
  },
  "strategy": {
    "alpha_ema": 0.05020000522407446,
    "lambda_": 0.10272524459289838,
    "regul": 1.6093990406285894e-05
  }
}