{
  "optimizer": {
    "lr": 0.007603525757713444
  },
  "strategy": {
    "alpha_ema": 0.022940480527851713,
    "lambda_": 0.6548062243971128,
    "regul": 0.000191313080472798
  }
}