{
  "optimizer": {
    "lr": 0.006075626295879524
  },
  "strategy": {
    "alpha_ema": 0.9548743691429992,
    "regul": 0.005048179951342917
  }
}