{
  "optimizer": {
    "lr": 0.054030006232777435
  },
  "strategy": {
    "alpha_ema": 0.7598647622831975,
    "regul": 0.0001276736383359163,
    "regul_last": 0.0007270554543542083
  }
}