{
  "strategy": {
    "alpha_ema": 0.09768067750530877,
    "clip": 3.5379375895069205,
    "lambda_": 0.05509510777504144,
    "regul": 0.0538749961673433
  }
}