{
  "optimizer": {
    "lr": 0.00015119706901428444
  },
  "strategy": {
    "alpha_ema": 0.13702683247921246,
    "regul": 0.0024947620083003007
  }
}