{
  "optimizer": {
    "lr": 0.00012582813054586614
  },
  "strategy": {
    "alpha_ema": 0.0569258852870917,
    "alpha_ema_last": 0.3545897925588329,
    "clip": 3681.5251599426074,
    "lambda_": 39.348572660045164,
    "regul": 0.034670372003100136,
    "regul_last": 0.057432300273760756
  }
}