{
  "optimizer": {
    "lr": 0.0009776120602626199
  },
  "strategy": {
    "alpha_ema": 0.010117938792194033,
    "regul": 0.003268711221717215
  }
}