{
  "optimizer": {
    "lr": 4.0258532193263965e-05
  },
  "strategy": {
    "alpha_ema": 0.022408888969635936,
    "regul": 0.002109176322641861
  }
}