{
  "optimizer": {
    "lr": 2.089211090798754e-05
  },
  "strategy": {
    "alpha_ema": 0.6125215810244622,
    "regul": 0.9747417774815216,
    "regul_last": 0.0037744652760958335
  }
}