{
  "optimizer": {
    "lr": 0.024274082063487468
  },
  "strategy": {
    "alpha_ema": 0.048206506946195674,
    "regul": 0.018010668184752138
  }
}