{
  "optimizer": {
    "lr": 0.04634728054358491
  },
  "strategy": {
    "alpha_ema": 0.0123895840859963,
    "alpha_ema_last": 0.07669475735783692,
    "clip": 3.0626128637556636,
    "lambda_": 0.44240195973497154,
    "regul": 0.0001853868606273256,
    "regul_last": 0.0014180708054930518
  }
}