{
  "optimizer": {
    "lr": 0.015474592495981153
  },
  "strategy": {
    "alpha_ema": 0.03548421918121253,
    "regul": 0.06022055864111787,
    "regul_last": 0.06725819313792672
  }
}