{
  "strategy": {
    "alpha_ema": 0.15003416330137181,
    "clip": 0.22655113649988012,
    "lambda_": 1.7032760601518568,
    "regul": 0.9896257650760346
  }
}