{
  "optimizer": {
    "lr": 3.635941017918387e-05
  },
  "strategy": {
    "regul": 0.056069321403594614
  }
}