{
  "optimizer": {
    "lr": 3.909832353578149e-05
  },
  "strategy": {
    "regul": 0.015299539401214037
  }
}