{
  "optimizer": {
    "lr": 0.00023325202056900747
  },
  "strategy": {
    "alpha_ema": 0.6430257580444398,
    "regul": 8.954793006085663e-05
  }
}