{
  "optimizer": {
    "lr": 0.0018067520846647839
  },
  "strategy": {
    "alpha_ema": 0.26008307738310804,
    "regul": 0.0004098039932814423,
    "regul_last": 0.012086580886593649
  }
}