{
  "strategy": {
    "alpha_ema": 0.9952914101037507,
    "alpha_ema_last": 0.2193799792688151,
    "clip": 0.4613377606779907,
    "lambda_": 1.4646970618504547,
    "regul": 0.0031787993451207323,
    "regul_last": 0.0005815694732567452
  }
}