{
  "optimizer": {
    "lr": 0.0006113322171227355
  },
  "strategy": {
    "alpha_ema": 0.02114781487234826,
    "regul": 0.002174188377869226
  }
}