{
  "optimizer": {
    "lr": 0.0017531250359602206
  },
  "strategy": {
    "alpha_ema": 0.03305493398588564,
    "regul": 0.0013618925978564783
  }
}