{
  "optimizer": {
    "lr": 0.0007981305810887271
  },
  "strategy": {
    "alpha_ema": 0.08063657643117228,
    "regul": 0.00277880422295738,
    "regul_last": 0.0001250678263460135
  }
}