{
  "optimizer": {
    "lr": 0.08224859808686824
  },
  "strategy": {
    "alpha_ema": 0.12370278514107313,
    "regul": 0.00013929175828080438
  }
}