{
  "optimizer": {
    "lr": 1.0792299116315846e-05
  },
  "strategy": {
    "alpha_ema": 0.5700563554189567,
    "regul": 0.07142208894963267
  }
}