{
  "optimizer": {
    "lr": 0.0017111197786685442
  },
  "strategy": {
    "regul": 0.964927646402668
  }
}