{
  "optimizer": {
    "lr": 6.853568714640176e-05
  },
  "strategy": {
    "alpha_ema": 0.0684141528109807,
    "alpha_ema_last": 0.04166747276272147,
    "clip": 14775.563394636325,
    "lambda_": 0.11370100211859396,
    "regul": 0.000767459713087859,
    "regul_last": 0.001662830693468721
  }
}