{
  "optimizer": {
    "lr": 0.0001849825881520164
  },
  "strategy": {
    "alpha_ema": 0.07018321194599202,
    "alpha_ema_last": 0.13242755595219088,
    "regul": 0.00040625121129191023
  }
}