{
  "optimizer": {
    "lr": 7.756496802869673e-05
  },
  "strategy": {
    "regul": 0.04136012071848924
  }
}