{
  "optimizer": {
    "lr": 1.2652670644513617e-05
  },
  "strategy": {
    "alpha_ema": 0.016190796817209842,
    "regul": 0.00020209125063402298
  }
}