{
  "optimizer": {
    "lr": 0.00045263787721829706
  },
  "strategy": {
    "alpha_ema": 0.07472347830098047,
    "lambda_": 9.771965098646266,
    "regul": 0.0007804410012903745
  }
}