{
  "optimizer": {
    "lr": 0.06635592622877981
  },
  "strategy": {
    "alpha_ema": 0.038499551449361145,
    "regul": 3.826457806542486e-05,
    "regul_last": 0.0013410521700598394
  }
}