{
  "optimizer": {
    "lr": 1.3905790855450135e-05
  },
  "strategy": {
    "alpha_ema": 0.05407629759543323,
    "regul": 0.6039359046284161,
    "regul_last": 0.0002499773406187882
  }
}