{
  "optimizer": {
    "lr": 0.015955236702652104
  },
  "strategy": {
    "alpha_ema": 0.25733800342521773,
    "regul": 0.01519845237520506
  }
}