{
  "optimizer": {
    "lr": 0.013491801382610132
  },
  "strategy": {
    "alpha_ema": 0.28303648097741163,
    "regul": 0.009786908378828743
  }
}