{
  "optimizer": {
    "lr": 0.00034766177760708596
  },
  "strategy": {
    "regul": 0.047040005550778426
  }
}