{
  "optimizer": {
    "lr": 0.09649171174598126
  },
  "strategy": {
    "regul": 0.08227675629263931
  }
}