{
  "optimizer": {
    "lr": 0.011945206114986862
  },
  "strategy": {
    "alpha_ema": 0.03429269791057506,
    "regul": 0.004387687914148437
  }
}