{
  "optimizer": {
    "lr": 0.013657152415151714
  },
  "strategy": {
    "alpha_ema": 0.03563902864233312,
    "lambda_": 1.0840934929895298,
    "regul": 0.04668413934646145
  }
}