{
  "optimizer": {
    "lr": 0.00032374793368865427
  },
  "strategy": {
    "alpha_ema": 0.4607453107345289,
    "regul": 0.0011826213880436812
  }
}