{
  "strategy": {
    "alpha_ema": 0.7956018763520046,
    "clip": 4.594396156369632,
    "lambda_": 0.0270041162947928,
    "regul": 0.0004343177922386657
  }
}