{
  "optimizer": {
    "lr": 8.703913800483218e-05
  },
  "strategy": {
    "alpha_ema": 0.14136751415786664,
    "alpha_ema_last": 0.09159463267662893,
    "regul": 0.00019760483028859362
  }
}