{
  "strategy": {
    "alpha_ema": 0.3749477838375656,
    "clip": 4.923156284128474,
    "lambda_": 0.1796898193013901,
    "regul": 0.02109322114199876
  }
}