{
  "optimizer": {
    "lr": 0.00041267067637894387
  },
  "strategy": {
    "alpha_ema": 0.01028045981068772,
    "regul": 6.156356601511007e-05
  }
}