{
  "optimizer": {
    "lr": 0.00018204576949656554
  },
  "strategy": {
    "alpha_ema": 0.17417470483330125,
    "regul": 0.0004024549396274389
  }
}