{
  "optimizer": {
    "lr": 0.0005121638379654748
  },
  "strategy": {
    "alpha_ema": 0.39546221035976015,
    "regul": 0.0007272605264367426
  }
}