{
  "optimizer": {
    "lr": 0.0006286560680978046
  },
  "strategy": {
    "alpha_ema": 0.2916782205430146,
    "regul": 9.884581436928072e-05
  }
}