{
  "optimizer": {
    "lr": 6.269103447197058e-05
  },
  "strategy": {
    "alpha_ema": 0.08980532075589144,
    "regul": 6.228365200352674e-05
  }
}