{
  "optimizer": {
    "lr": 0.006413294032825003
  },
  "strategy": {
    "alpha_ema": 0.19914177681795106,
    "lambda_": 9.384703866896789,
    "regul": 0.06083599666572494
  }
}