{
  "strategy": {
    "alpha_ema": 0.09393264798389414,
    "clip": 2.493601289324289,
    "lambda_": 0.037928242686909384,
    "regul": 0.13053019766564988
  }
}