{
  "optimizer": {
    "lr": 0.026464512909986478
  },
  "strategy": {
    "regul": 0.013228501637837472
  }
}