{
  "optimizer": {
    "lr": 0.0036405525001534486
  },
  "strategy": {
    "regul": 0.0015704530098243688
  }
}