{
  "optimizer": {
    "lr": 0.0006135332470326567
  },
  "strategy": {
    "alpha_ema": 0.02229599079198682,
    "regul": 0.006733224206730627
  }
}