{
  "optimizer": {
    "lr": 8.605580837996796e-05
  },
  "strategy": {
    "alpha_ema": 0.28258219840163656,
    "regul": 0.004363882184830304
  }
}