{
  "optimizer": {
    "lr": 0.0010011992432052458
  },
  "strategy": {
    "alpha_ema": 0.04269772265738279,
    "lambda_": 2.875591555047291,
    "regul": 0.06648073912035449
  }
}