{
  "strategy": {
    "alpha_ema": 0.9922504078748369,
    "clip": 4.173087825264146,
    "lambda_": 0.9109945627353901,
    "regul": 0.14086416406439428
  }
}