{
  "optimizer": {
    "lr": 0.003332216453149938
  },
  "strategy": {
    "alpha_ema": 0.04938241207518792,
    "regul": 2.4393759457033423e-05,
    "regul_last": 0.014576708829756913
  }
}