{
  "optimizer": {
    "lr": 0.09444574978969099
  },
  "strategy": {
    "alpha_ema": 0.06185490620750409,
    "regul": 0.0033293470021464747
  }
}