{
  "optimizer": {
    "lr": 0.00875509563687113
  },
  "strategy": {
    "alpha_ema": 0.06052974229552506,
    "regul": 1.2280534859181407e-05
  }
}