{
  "optimizer": {
    "lr": 0.00034990930550321927
  },
  "strategy": {
    "alpha_ema": 0.24044380708043311,
    "regul": 7.072779304335111e-05
  }
}