{
  "optimizer": {
    "lr": 1.104519180959415e-05
  },
  "strategy": {
    "alpha_ema": 0.034460373184604064,
    "alpha_ema_last": 0.033414869559723205,
    "clip": 22794.858931817915,
    "lambda_": 0.017784515351085273,
    "regul": 0.00010167936170076271,
    "regul_last": 0.035292330452956266
  }
}