{
  "optimizer": {
    "lr": 0.018430615484763525
  },
  "strategy": {
    "alpha_ema": 0.6561898857382228,
    "lambda_": 0.3047840024343049,
    "regul": 0.0019023857210952247
  }
}