{
  "optimizer": {
    "lr": 0.0009034606099885817
  },
  "strategy": {
    "alpha_ema": 0.3921940394252301,
    "regul": 3.6753290530040894e-05,
    "regul_last": 0.005351210134322286
  }
}