{
  "strategy": {
    "alpha_ema": 0.14042064172036176,
    "clip": 0.1387573181270989,
    "lambda_": 0.18112260475119205,
    "regul": 0.01348614828436818
  }
}