{
  "optimizer": {
    "lr": 1.0256034278300414e-05
  },
  "strategy": {
    "alpha_ema": 0.22737935468273052,
    "lambda_": 1.2386261380083339,
    "regul": 0.0006739427071801137
  }
}