{
  "optimizer": {
    "lr": 0.017900915920105065
  },
  "strategy": {
    "alpha_ema": 0.03635808781490354,
    "regul": 0.0027010381983788322,
    "regul_last": 0.09446436070919552
  }
}