{
  "optimizer": {
    "lr": 3.222178337277123e-05
  },
  "strategy": {
    "alpha_ema": 0.06995015000525286,
    "regul": 0.0001992877643669065
  }
}