{
  "optimizer": {
    "lr": 0.0032644269189326773
  },
  "strategy": {
    "alpha_ema": 0.07386635472573867,
    "regul": 0.0017634844237038791,
    "regul_last": 0.047024895947303816
  }
}