{
  "optimizer": {
    "lr": 0.00040577388954120226
  },
  "strategy": {
    "alpha_ema": 0.3913644221056817,
    "regul": 6.713919983503508e-05
  }
}