{
  "optimizer": {
    "lr": 0.002425858322866072
  },
  "strategy": {
    "alpha_ema": 0.01632759390265848,
    "alpha_ema_last": 0.2203628218248984,
    "clip": 11682.078931463668,
    "lambda_": 4.533432672404093,
    "regul": 0.07104278867758715,
    "regul_last": 0.01257861333807958
  }
}