{
  "optimizer": {
    "lr": 0.000657904014087392
  },
  "strategy": {
    "alpha_ema": 0.21223101984976975,
    "alpha_ema_last": 0.013628982325247067,
    "clip": 4703.274569891381,
    "lambda_": 5.475877271947035,
    "regul": 0.006767319774202985,
    "regul_last": 0.00042612448946531865
  }
}