{
  "optimizer": {
    "lr": 0.004132383183331838
  },
  "strategy": {
    "alpha_ema": 0.11086582484415845,
    "regul": 8.693894001569147e-05
  }
}