{
  "strategy": {
    "alpha_ema": 0.06311662902236374,
    "alpha_ema_last": 0.6397382363517208,
    "clip": 1.0631771279583586,
    "lambda_": 6.653506030396724,
    "regul": 0.002536008884677065,
    "regul_last": 0.000288030676948957
  }
}