{
  "optimizer": {
    "lr": 0.000397219970420221
  },
  "strategy": {
    "alpha_ema": 0.05485387888517699,
    "regul": 0.001562383089726516
  }
}