{
  "optimizer": {
    "lr": 0.0023153461276246056
  },
  "strategy": {
    "alpha_ema": 0.5625237834319372,
    "lambda_": 0.15936267714394686,
    "regul": 0.34550136871516485
  }
}