{
  "optimizer": {
    "lr": 0.011705757101314872
  },
  "strategy": {
    "alpha_ema": 0.11419486147438428,
    "regul": 0.011597046157612754
  }
}