{
  "optimizer": {
    "lr": 0.005238506748758627
  },
  "strategy": {
    "alpha_ema": 0.9984726411411271,
    "regul": 1.1055280684947371e-05
  }
}