{
  "optimizer": {
    "lr": 0.005207533559721324
  },
  "strategy": {
    "alpha_ema": 0.9987737884001878,
    "alpha_ema_last": 0.017726397861658257,
    "regul": 0.00018830990808174823
  }
}