{
  "strategy": {
    "alpha_ema": 0.1830286312190383,
    "alpha_ema_last": 0.4683766849133965,
    "clip": 0.3593836330778384,
    "lambda_": 8.340925577799648,
    "regul": 0.02047594188053862,
    "regul_last": 0.005261349272296372
  }
}