{
  "optimizer": {
    "lr": 0.001172678726242908
  },
  "strategy": {
    "alpha_ema": 0.02647746229386535,
    "alpha_ema_last": 0.39249861446300416,
    "clip": 25.97157380641025,
    "lambda_": 0.06908854597157005,
    "regul": 0.0004920292439475507,
    "regul_last": 0.03350604735423074
  }
}