{
  "optimizer": {
    "lr": 0.012365359398835318
  },
  "strategy": {
    "alpha_ema": 0.0609773156526227,
    "regul": 1.012559431525543e-05,
    "regul_last": 0.03055936159365507
  }
}