{
  "optimizer": {
    "lr": 0.0006942335639110797
  },
  "strategy": {
    "alpha_ema": 0.19557432232181118,
    "alpha_ema_last": 0.7770794425613093,
    "regul": 0.00031087898230403813
  }
}