{
  "strategy": {
    "alpha_ema": 0.2389358736696811,
    "alpha_ema_last": 0.14767632052246146,
    "clip": 0.20920625328581194,
    "lambda_": 0.11733579065560093,
    "regul": 0.0011356969269462414,
    "regul_last": 0.007238963728772475
  }
}