{
  "strategy": {
    "alpha_ema": 0.8230624467646166,
    "alpha_ema_last": 0.5418597450264468,
    "clip": 1.5556086007026362,
    "lambda_": 4.19597950355453,
    "regul": 0.0008987582902002252,
    "regul_last": 0.049251083927017526
  }
}