{
  "optimizer": {
    "lr": 0.0071080944106422595
  },
  "strategy": {
    "alpha_ema": 0.10443626922418364,
    "regul": 0.000126265118955902
  }
}