{
  "optimizer": {
    "lr": 0.010617351452282583
  },
  "strategy": {
    "alpha_ema": 0.01053654393896265,
    "regul": 0.00456978784659654
  }
}