{
  "optimizer": {
    "lr": 4.533106389081926e-05
  },
  "strategy": {
    "alpha_ema": 0.2308958346064268,
    "regul": 0.0029105739806494584
  }
}