{
  "optimizer": {
    "lr": 0.002764047920101566
  },
  "strategy": {
    "alpha_ema": 0.41616736552233424,
    "alpha_ema_last": 0.05123952436690307,
    "regul": 0.04511895753962751
  }
}