{
  "optimizer": {
    "lr": 0.0075134631650164195
  },
  "strategy": {
    "regul": 0.008424113240054798
  }
}