{
  "optimizer": {
    "lr": 0.005694373546599227
  },
  "strategy": {
    "alpha_ema": 0.02557913754140823,
    "regul": 0.03735381224676934
  }
}