{
  "optimizer": {
    "lr": 0.0009504435513267231
  },
  "strategy": {
    "alpha_ema": 0.6139130569478776,
    "alpha_ema_last": 0.057051552062343094,
    "regul": 0.0022522712333376722
  }
}