{
  "optimizer": {
    "lr": 0.041985885819786725
  },
  "strategy": {
    "alpha_ema": 0.029417800851626676,
    "regul": 0.00016352916939462933,
    "regul_last": 0.05884327438831082
  }
}