{
  "strategy": {
    "alpha_ema": 0.024677831675195154,
    "clip": 4.011559153697093,
    "lambda_": 0.9946682366310131,
    "regul": 0.0033485514856320714
  }
}