{
  "optimizer": {
    "lr": 0.03903241891652507
  },
  "strategy": {
    "alpha_ema": 0.011477132072671089,
    "regul": 0.00021955548273019392
  }
}