{
  "optimizer": {
    "lr": 0.000964169386181912
  },
  "strategy": {
    "alpha_ema": 0.1955292929871795,
    "regul": 0.0206398391979892,
    "regul_last": 0.11222941221879183
  }
}