{
  "optimizer": {
    "lr": 0.0032976274005107956
  },
  "strategy": {
    "alpha_ema": 0.04013397008601477,
    "alpha_ema_last": 0.41798963035959735,
    "regul": 0.7750440717780775
  }
}