{
  "optimizer": {
    "lr": 0.010945724674552623
  },
  "strategy": {
    "regul": 0.004116819037036136
  }
}