{
  "strategy": {
    "alpha_ema": 0.17027997729546904,
    "alpha_ema_last": 0.04151560892145601,
    "clip": 22.563476644906725,
    "lambda_": 0.14509656896388837,
    "regul": 0.010471076231161934,
    "regul_last": 0.1971014072996879
  }
}