{
  "strategy": {
    "alpha_ema": 0.14953449221416232,
    "clip": 0.32839477309784904,
    "lambda_": 0.39680172521619766,
    "regul": 0.6705359951278789
  }
}