{
  "optimizer": {
    "lr": 0.0008658780623274061
  },
  "strategy": {
    "alpha_ema": 0.4343257236803697,
    "regul": 0.00022702415775655406
  }
}