{
  "optimizer": {
    "lr": 0.001605580242650433
  },
  "strategy": {
    "alpha_ema": 0.06414192068155204,
    "regul": 0.008522734648361075
  }
}