{
  "strategy": {
    "alpha_ema": 0.1076526318094262,
    "clip": 1.146580913488928,
    "lambda_": 0.04926557516927557,
    "regul": 0.0024261764642122944
  }
}