{
  "strategy": {
    "alpha_ema": 0.19735467760779765,
    "alpha_ema_last": 0.4478243529294028,
    "clip": 1.5140884258475218,
    "lambda_": 1.7190169703634959,
    "regul": 0.00042016057819778695,
    "regul_last": 0.01349308337637281
  }
}