{
  "optimizer": {
    "lr": 0.0011960814554613196
  },
  "strategy": {
    "alpha_ema": 0.015705648301001594,
    "regul": 0.0967845627511216
  }
}