{
  "optimizer": {
    "lr": 0.0004916097303889032
  },
  "strategy": {
    "alpha_ema": 0.013256991877445055,
    "regul": 2.986877412982245e-05
  }
}