{
  "optimizer": {
    "lr": 0.00014555213577674758
  },
  "strategy": {
    "alpha_ema": 0.06070847950088239,
    "lambda_": 1.2163330890999333,
    "regul": 0.0037143619682998225
  }
}