{
  "optimizer": {
    "lr": 5.7763828001490474e-05
  },
  "strategy": {
    "alpha_ema": 0.01149268596490032,
    "regul": 0.00027134715933719997
  }
}