{
  "optimizer": {
    "lr": 0.007965388176208853
  },
  "strategy": {
    "alpha_ema": 0.9289357504443454,
    "regul": 0.0008003983836929214
  }
}