{
  "optimizer": {
    "lr": 0.0001462852258999475
  },
  "strategy": {
    "alpha_ema": 0.018273627617229476,
    "regul": 0.002098094815858899
  }
}