{
  "strategy": {
    "alpha_ema": 0.038408300065193454,
    "clip": 1.4315345839279285,
    "lambda_": 0.9278725877671206,
    "regul": 0.00010600902184262834
  }
}