{
  "optimizer": {
    "lr": 0.025854533438424733
  },
  "strategy": {
    "alpha_ema": 0.5704338622670303,
    "regul": 1.7026738843656597e-05
  }
}