{
  "strategy": {
    "alpha_ema": 0.016166420717452612,
    "clip": 2.1883272920127643,
    "lambda_": 0.013612692470154949,
    "regul": 0.0255110223969348
  }
}