{
  "optimizer": {
    "lr": 0.00010099519684356374
  },
  "strategy": {
    "alpha_ema": 0.01309682834987571,
    "regul": 0.00019273616695955888
  }
}