{
  "strategy": {
    "alpha_ema": 0.017444346134048345,
    "alpha_ema_last": 0.042272562906153166,
    "clip": 5.792681074468162,
    "lambda_": 0.1011845016240096,
    "regul": 0.00016261357624216557,
    "regul_last": 0.10981655679914137
  }
}