{
  "strategy": {
    "alpha_ema": 0.9891666352863207,
    "clip": 2.6994666294393608,
    "lambda_": 0.7343609904324591,
    "regul": 0.6323471155619034
  }
}