{
  "strategy": {
    "alpha_ema": 0.983004651749297,
    "alpha_ema_last": 0.20815154318400134,
    "clip": 0.519051238082973,
    "lambda_": 0.0492162811172614,
    "regul": 0.0001018397765883016,
    "regul_last": 0.00022753187091303535
  }
}