{
  "optimizer": {
    "lr": 3.505310994112987e-05
  },
  "strategy": {
    "alpha_ema": 0.062204823519413976,
    "regul": 4.098641920077722e-05
  }
}