{
  "strategy": {
    "alpha_ema": 0.38289392746294737,
    "alpha_ema_last": 0.36932029774326874,
    "clip": 4.583404383767186,
    "lambda_": 3.906685108661974,
    "regul": 0.0003473862098489823,
    "regul_last": 0.010468886916611152
  }
}