{
  "optimizer": {
    "lr": 0.00010910125051717598
  },
  "strategy": {
    "alpha_ema": 0.6533760686015162,
    "regul": 0.05543872601104668
  }
}