{
  "optimizer": {
    "lr": 4.243364312660102e-05
  },
  "strategy": {
    "alpha_ema": 0.131770561142778,
    "regul": 2.446971709642224e-05
  }
}