{
  "optimizer": {
    "lr": 0.0005132983487542854
  },
  "strategy": {
    "regul": 0.0010241248180322083
  }
}