{
  "optimizer": {
    "lr": 0.003275134214702033
  },
  "strategy": {
    "alpha_ema": 0.16942280754980998,
    "alpha_ema_last": 0.19690049223229905,
    "clip": 2079.441765629171,
    "lambda_": 0.04938367441630323,
    "regul": 0.026030642098846653,
    "regul_last": 0.020033868709182542
  }
}