{
  "optimizer": {
    "lr": 0.002212502019559028
  },
  "strategy": {
    "alpha_ema": 0.6238845577998202,
    "regul": 0.0015125707123215106
  }
}