{
  "optimizer": {
    "lr": 0.003273275064854848
  },
  "strategy": {
    "alpha_ema": 0.8470188624237242,
    "regul": 0.015096036913310426
  }
}