{
  "strategy": {
    "alpha_ema": 0.4681316672796729,
    "alpha_ema_last": 0.9805991504727759,
    "clip": 0.24138211606038076,
    "lambda_": 0.03495640317529451,
    "regul": 0.09339232070414048,
    "regul_last": 0.006944522477582354
  }
}