{
  "optimizer": {
    "lr": 2.798928842920952e-05
  },
  "strategy": {
    "alpha_ema": 0.25995617870388826,
    "lambda_": 0.601996484263035,
    "regul": 0.5612056796869606
  }
}