{
  "optimizer": {
    "lr": 0.00010971397285577134
  },
  "strategy": {
    "regul": 0.056465585010178045
  }
}