{
  "optimizer": {
    "lr": 0.001279417716458324
  },
  "strategy": {
    "alpha_ema": 0.33821660880540805,
    "regul": 0.0005531472480123807
  }
}