{
  "optimizer": {
    "lr": 0.03316529890345055
  },
  "strategy": {
    "alpha_ema": 0.45337871676205915,
    "lambda_": 0.4776390467792378,
    "regul": 0.0015983636571362636
  }
}