{
  "optimizer": {
    "lr": 0.005653298037819577
  },
  "strategy": {
    "alpha_ema": 0.4022361639216978,
    "regul": 0.025046035137606597
  }
}