{
  "optimizer": {
    "lr": 0.009017084552249855
  },
  "strategy": {
    "alpha_ema": 0.04468781383717048,
    "regul": 1.5823780783820333e-05,
    "regul_last": 0.00958428203839281
  }
}