{
  "optimizer": {
    "lr": 9.58436402397869e-05
  },
  "strategy": {
    "alpha_ema": 0.05583284472145209,
    "regul": 0.0005540325216537333
  }
}