{
  "optimizer": {
    "lr": 0.013795023926514922
  },
  "strategy": {
    "alpha_ema": 0.04570951559190825,
    "alpha_ema_last": 0.03393741180588319,
    "regul": 0.03785709746907771
  }
}