{
  "optimizer": {
    "lr": 0.011263048491955568
  },
  "strategy": {
    "alpha_ema": 0.07833084770513811,
    "lambda_": 0.7397146725575503,
    "regul": 0.0009689770754213457
  }
}