{
  "optimizer": {
    "lr": 0.00019924769712490758
  },
  "strategy": {
    "alpha_ema": 0.08837359504008865,
    "lambda_": 0.6242199363487164,
    "regul": 0.01413232295308391
  }
}