{
  "optimizer": {
    "lr": 0.0002231889516024362
  },
  "strategy": {
    "alpha_ema": 0.03649552452059491,
    "regul": 0.0013660382194326203
  }
}