{
  "optimizer": {
    "lr": 1.1739745180548236e-05
  },
  "strategy": {
    "alpha_ema": 0.02575972341259213,
    "regul": 0.00024036243703355527
  }
}