{
  "optimizer": {
    "lr": 0.0010931009512646348
  },
  "strategy": {
    "alpha_ema": 0.020912857299332874,
    "regul": 4.781438351754725e-05
  }
}