{
  "optimizer": {
    "lr": 0.001042654334700363
  },
  "strategy": {
    "alpha_ema": 0.1808440091230232,
    "regul": 0.02022158195291028
  }
}