{
  "optimizer": {
    "lr": 1.2938279220584514e-05
  },
  "strategy": {
    "regul": 0.9952894880403055
  }
}