{
  "optimizer": {
    "lr": 0.0009665316236289617
  },
  "strategy": {
    "regul": 0.2376970092311701
  }
}