{
  "optimizer": {
    "lr": 0.000211603358809087
  },
  "strategy": {
    "alpha_ema": 0.13198863753674736,
    "regul": 0.013211090486798317
  }
}