{
  "optimizer": {
    "lr": 0.010207175041595162
  },
  "strategy": {
    "alpha_ema": 0.20682247337051746,
    "alpha_ema_last": 0.06348702452106403,
    "regul": 0.01178331825827111
  }
}