{
  "optimizer": {
    "lr": 0.013495273728310221
  },
  "strategy": {
    "alpha_ema": 0.010839752178091874,
    "regul": 5.419414227612581e-05
  }
}