{
  "optimizer": {
    "lr": 0.044888373167855954
  },
  "strategy": {
    "alpha_ema": 0.8393847003344912,
    "lambda_": 1.6782943881627057,
    "regul": 0.012861477616525585
  }
}