{
  "optimizer": {
    "lr": 0.018305852118882204
  },
  "strategy": {
    "alpha_ema": 0.017187047623025628,
    "regul": 1.2133969169587649e-05,
    "regul_last": 0.0025080482228093354
  }
}