{
  "strategy": {
    "alpha_ema": 0.039425595634915434,
    "clip": 4.760362929353722,
    "lambda_": 0.10940831953148994,
    "regul": 0.12028066020026867
  }
}