{
  "optimizer": {
    "lr": 0.0001599655653874254
  },
  "strategy": {
    "alpha_ema": 0.010050365440161827,
    "regul": 0.11997437275077989,
    "regul_last": 0.026335337810400185
  }
}