{
  "optimizer": {
    "lr": 0.0023119537060045364
  },
  "strategy": {
    "alpha_ema": 0.13638176336017976,
    "regul": 0.03330647222205774
  }
}