{
  "optimizer": {
    "lr": 0.002684099715727633
  },
  "strategy": {
    "alpha_ema": 0.4092626392998712,
    "regul": 5.9056157231851784e-05
  }
}