{
  "strategy": {
    "alpha_ema": 0.06780702604904748,
    "clip": 1.395721610697574,
    "lambda_": 0.07785844776867669,
    "regul": 0.016648926279979406
  }
}