{
  "strategy": {
    "alpha_ema": 0.07385209240612356,
    "alpha_ema_last": 0.35305511841278375,
    "clip": 0.190207603202526,
    "lambda_": 5.966095159877818,
    "regul": 0.0006909272461034504,
    "regul_last": 0.40528664761342664
  }
}