{
  "optimizer": {
    "lr": 3.819905252547284e-05
  },
  "strategy": {
    "alpha_ema": 0.014398623489290652,
    "regul": 0.0004751373299920019,
    "regul_last": 0.00010479790615468728
  }
}