{
  "strategy": {
    "alpha_ema": 0.11388660944434219,
    "clip": 0.24942105223573752,
    "lambda_": 0.9690820778532221,
    "regul": 0.17006091709533633
  }
}