{
  "optimizer": {
    "lr": 0.00025519522057557516
  },
  "strategy": {
    "alpha_ema": 0.12514232896243843,
    "regul": 4.253375893678681e-05
  }
}