{
  "optimizer": {
    "lr": 5.3299953692176045e-05
  },
  "strategy": {
    "alpha_ema": 0.14251982137993854,
    "regul": 0.0016822527283977512
  }
}