{
  "strategy": {
    "alpha_ema": 0.15200439376345867,
    "clip": 0.15428553162588735,
    "lambda_": 0.012226580675034899,
    "regul": 0.7854020177200208
  }
}