{
  "optimizer": {
    "lr": 0.0012615590129090447
  },
  "strategy": {
    "regul": 0.012069250386797348
  }
}