{
  "optimizer": {
    "lr": 0.039968196466340325
  },
  "strategy": {
    "alpha_ema": 0.04145561515504194,
    "regul": 0.002809432104072884
  }
}