{
  "strategy": {
    "alpha_ema": 0.41060492126587833,
    "alpha_ema_last": 0.30489237415306786,
    "clip": 0.5766888698609559,
    "lambda_": 4.966847648214177,
    "regul": 0.0061982998988123735,
    "regul_last": 0.035506775294229444
  }
}