{
  "optimizer": {
    "lr": 0.0015581821221547457
  },
  "strategy": {
    "alpha_ema": 0.21255340796809064,
    "regul": 0.01158189123869917
  }
}