{
  "optimizer": {
    "lr": 0.01894965687897394
  },
  "strategy": {
    "alpha_ema": 0.03384380415617506,
    "regul": 2.206682567499886e-05
  }
}