{
  "strategy": {
    "alpha_ema": 0.1233026935461665,
    "alpha_ema_last": 0.05907849728587736,
    "clip": 0.9604294584206002,
    "lambda_": 0.08686445638682189,
    "regul": 0.8905843378858327,
    "regul_last": 0.00064078411427397
  }
}