{
  "optimizer": {
    "lr": 0.008301876685055153
  },
  "strategy": {
    "alpha_ema": 0.0931789932333834,
    "lambda_": 0.6762818964348866,
    "regul": 0.0012251392237371827
  }
}