{
  "optimizer": {
    "lr": 0.0005718376858682107
  },
  "strategy": {
    "alpha_ema": 0.4221375575349783,
    "regul": 0.0016225210421156307
  }
}