{
  "optimizer": {
    "lr": 0.00021212130320793344
  },
  "strategy": {
    "alpha_ema": 0.11772210123321401,
    "lambda_": 0.05572894372757767,
    "regul": 0.05491198826446063
  }
}