{
  "optimizer": {
    "lr": 0.007080439298240973
  },
  "strategy": {
    "alpha_ema": 0.012769711777660798,
    "alpha_ema_last": 0.7010324955778464,
    "clip": 97569.38540569638,
    "lambda_": 0.8949031190693884,
    "regul": 0.00257920741136064,
    "regul_last": 0.947091813509099
  }
}