{
  "optimizer": {
    "lr": 0.0005682940111814698
  },
  "strategy": {
    "alpha_ema": 0.17883913381543887,
    "regul": 0.00014131641574084643,
    "regul_last": 0.0003728925730115778
  }
}