{
  "optimizer": {
    "lr": 0.0009793209174025457
  },
  "strategy": {
    "alpha_ema": 0.04045061709864563,
    "lambda_": 0.4814826182623122,
    "regul": 1.9478455781482247e-05
  }
}