{
  "optimizer": {
    "lr": 0.00028180070497338497
  },
  "strategy": {
    "alpha_ema": 0.5623935915427739,
    "regul": 0.0031086580361308256
  }
}