{
  "strategy": {
    "alpha_ema": 0.11450313413041749,
    "clip": 4.559812941870775,
    "lambda_": 4.5806683742219825,
    "regul": 0.00013015186278305394
  }
}