{
  "optimizer": {
    "lr": 0.00018863823277981504
  },
  "strategy": {
    "alpha_ema": 0.40071093498078364,
    "regul": 0.00013915723202492528
  }
}