{
  "optimizer": {
    "lr": 0.0013079450736640044
  },
  "strategy": {
    "alpha_ema": 0.45104407847101424,
    "regul": 5.3516870886706805e-05
  }
}