{
  "optimizer": {
    "lr": 0.09780521846269442
  },
  "strategy": {
    "alpha_ema": 0.016109829835559808,
    "regul": 0.016050965292833404
  }
}