{
  "strategy": {
    "alpha_ema": 0.017222140148545836,
    "clip": 0.8709353563922476,
    "lambda_": 0.8514251044465553,
    "regul": 0.0001747123759713843
  }
}