{
  "strategy": {
    "alpha_ema": 0.06710787808288178,
    "alpha_ema_last": 0.1413573695266206,
    "clip": 0.9827458107659485,
    "lambda_": 8.357760971886508,
    "regul": 0.006183080175997764,
    "regul_last": 0.0021876855598731374
  }
}