{
  "optimizer": {
    "lr": 0.0034335199438095825
  },
  "strategy": {
    "alpha_ema": 0.8223402478633609,
    "regul": 0.012148186564270764
  }
}