{
  "optimizer": {
    "lr": 5.2191315606111946e-05
  },
  "strategy": {
    "alpha_ema": 0.4234023937041627,
    "lambda_": 0.30006187800203477,
    "regul": 0.08107511878621829
  }
}