{
  "optimizer": {
    "lr": 2.5996197714834213e-05
  },
  "strategy": {
    "alpha_ema": 0.6747786939628729,
    "lambda_": 0.6840371468474865,
    "regul": 0.004452479023408884
  }
}