{
  "optimizer": {
    "lr": 0.02420972103733221
  },
  "strategy": {
    "alpha_ema": 0.20963155714374412,
    "regul": 8.520128392114639e-05,
    "regul_last": 0.0061630749048983205
  }
}