{
  "optimizer": {
    "lr": 0.007811707186939476
  },
  "strategy": {
    "alpha_ema": 0.45597511166097515,
    "regul": 2.6832243551040822e-05
  }
}