{
  "optimizer": {
    "lr": 0.000139898863289406
  },
  "strategy": {
    "alpha_ema": 0.014801501178151063,
    "regul": 0.00016767932240592282
  }
}