{
  "optimizer": {
    "lr": 0.027666143726979557
  },
  "strategy": {
    "regul": 0.5428898123260394
  }
}