{
  "strategy": {
    "alpha_ema": 0.7601058192644944,
    "alpha_ema_last": 0.13757615683017313,
    "clip": 1.134876974322252,
    "lambda_": 0.21939358936384248,
    "regul": 0.003926933787093978,
    "regul_last": 0.0671602429158788
  }
}