{
  "optimizer": {
    "lr": 1.4095151835120833e-05
  },
  "strategy": {
    "alpha_ema": 0.06378816412407949,
    "regul": 0.18383140159707076,
    "regul_last": 0.007311620475739668
  }
}