{
  "optimizer": {
    "lr": 0.016265941361724285
  },
  "strategy": {
    "alpha_ema": 0.514981563709012,
    "regul": 0.000233738859252867
  }
}