{
  "optimizer": {
    "lr": 0.003501126206113255
  },
  "strategy": {
    "alpha_ema": 0.060964826155900535,
    "alpha_ema_last": 0.14664006180725891,
    "clip": 188.04243983524375,
    "lambda_": 24.593632063572933,
    "regul": 0.2944001839532502,
    "regul_last": 0.07610031443088484
  }
}