{
  "optimizer": {
    "lr": 9.339652564078125e-05
  },
  "strategy": {
    "alpha_ema": 0.11271630257691648,
    "alpha_ema_last": 0.11484304275287222,
    "clip": 876.278879111101,
    "lambda_": 0.010256275101712087,
    "regul": 0.00014049816407061622,
    "regul_last": 0.0030504882729064857
  }
}