{
  "strategy": {
    "alpha_ema": 0.0634021917574008,
    "clip": 0.1162624337746875,
    "lambda_": 6.7076697344561,
    "regul": 0.7732432561869935
  }
}