{
  "optimizer": {
    "lr": 7.623140934387783e-05
  },
  "strategy": {
    "alpha_ema": 0.015599830166408094,
    "regul": 6.61591995770313e-05
  }
}