{
  "optimizer": {
    "lr": 0.030703939474368995
  },
  "strategy": {
    "regul": 0.0625894395812769
  }
}