{
  "optimizer": {
    "lr": 0.0009306480559084548
  },
  "strategy": {
    "alpha_ema": 0.7921511902652844,
    "regul": 2.061869256111039e-05
  }
}