{
  "optimizer": {
    "lr": 0.0013515591506737057
  },
  "strategy": {
    "alpha_ema": 0.2495757033575034,
    "lambda_": 5.250854790548116,
    "regul": 0.00021317472206250652
  }
}