{
  "optimizer": {
    "lr": 0.0003440698554810702
  },
  "strategy": {
    "alpha_ema": 0.01251439185952494,
    "regul": 0.0250771483423022
  }
}