{
  "optimizer": {
    "lr": 0.0031528146624553435
  },
  "strategy": {
    "alpha_ema": 0.013593072674156015,
    "regul": 0.004280735125111323
  }
}