{
  "optimizer": {
    "lr": 0.00022258095754926387
  },
  "strategy": {
    "alpha_ema": 0.016053192569697356,
    "alpha_ema_last": 0.11171481379749312,
    "regul": 0.0048024771156797395
  }
}