{
  "optimizer": {
    "lr": 0.081446113989236
  },
  "strategy": {
    "alpha_ema": 0.3043775443333557,
    "regul": 3.196990207798208e-05
  }
}