{
  "optimizer": {
    "lr": 0.0006187275561661896
  },
  "strategy": {
    "alpha_ema": 0.5737019596881816,
    "regul": 0.3198925201018427
  }
}