{
  "strategy": {
    "alpha_ema": 0.42107571028437263,
    "clip": 0.9392850661184899,
    "lambda_": 1.845534671519366,
    "regul": 0.5262159265860855
  }
}