{
  "optimizer": {
    "lr": 0.0012018060083804163
  },
  "strategy": {
    "alpha_ema": 0.44540378767054134,
    "lambda_": 0.14144895218874645,
    "regul": 0.020125039185907273
  }
}