{
  "optimizer": {
    "lr": 7.262510049241882e-05
  },
  "strategy": {
    "alpha_ema": 0.045567960414297635,
    "regul": 2.985201489568695e-05
  }
}