{
  "strategy": {
    "alpha_ema": 0.15339099105706183,
    "clip": 2.043446861517147,
    "lambda_": 0.0903855961831724,
    "regul": 0.3305510777077542
  }
}