{
  "optimizer": {
    "lr": 0.0037667348303396294
  },
  "strategy": {
    "alpha_ema": 0.4986908928216614,
    "regul": 0.0092702367893846
  }
}