{
  "optimizer": {
    "lr": 0.00010471585740720114
  },
  "strategy": {
    "regul": 0.005072228453581999
  }
}