{
  "optimizer": {
    "lr": 0.0018714178799897829
  },
  "strategy": {
    "alpha_ema": 0.07959688286298076,
    "regul": 8.215916709976592e-05
  }
}