{
  "optimizer": {
    "lr": 0.00013299147570649647
  },
  "strategy": {
    "alpha_ema": 0.03993191632333907,
    "regul": 1.7417663198103435e-05
  }
}