{
  "strategy": {
    "alpha_ema": 0.03460971550395807,
    "alpha_ema_last": 0.0677271817708163,
    "clip": 0.7440641559446448,
    "lambda_": 0.010976966546288094,
    "regul": 0.005505613587932855,
    "regul_last": 0.0013146863029682401
  }
}