{
  "strategy": {
    "alpha_ema": 0.08281303985555663,
    "alpha_ema_last": 0.024425970436021478,
    "clip": 17.030761132523764,
    "lambda_": 0.32346256560280723,
    "regul": 0.0002418392922435413,
    "regul_last": 0.008753465701138202
  }
}