{
  "optimizer": {
    "lr": 0.006203149920228049
  },
  "strategy": {
    "alpha_ema": 0.013965696816441955,
    "alpha_ema_last": 0.21885563480958525,
    "clip": 21.233126945827504,
    "lambda_": 0.07810978272814734,
    "regul": 0.00038906664032372566,
    "regul_last": 0.11221808918303063
  }
}