{
  "optimizer": {
    "lr": 0.0006917596709606188
  },
  "strategy": {
    "regul": 0.003223486199955261
  }
}