{
  "optimizer": {
    "lr": 0.0007016858050944404
  },
  "strategy": {
    "alpha_ema": 0.07411107844527186,
    "regul": 0.0008628269626873402
  }
}