{
  "strategy": {
    "alpha_ema": 0.21235229713441514,
    "alpha_ema_last": 0.026111663674069256,
    "clip": 3.023252962074437,
    "lambda_": 0.512032979127746,
    "regul": 0.00010498769736543973,
    "regul_last": 0.059841021298732186
  }
}