{
  "optimizer": {
    "lr": 0.00015623733524931774
  },
  "strategy": {
    "alpha_ema": 0.19255061401010612,
    "alpha_ema_last": 0.01444770594829271,
    "clip": 35587.491320534486,
    "lambda_": 0.26080637969482734,
    "regul": 0.005180535260179969,
    "regul_last": 0.00029534457727307056
  }
}