{
  "strategy": {
    "alpha_ema": 0.2008536500946407,
    "clip": 0.5622576578755296,
    "lambda_": 0.011882748642175645,
    "regul": 0.17417262298119884
  }
}