{
  "strategy": {
    "alpha_ema": 0.10377729679568742,
    "alpha_ema_last": 0.7092352155113086,
    "clip": 3.221028929793029,
    "lambda_": 0.18737476248431456,
    "regul": 0.00053044654029818,
    "regul_last": 0.0018054002082033985
  }
}