{
  "optimizer": {
    "lr": 0.0017341652694523788
  },
  "strategy": {
    "alpha_ema": 0.06418445225303947,
    "regul": 0.3067125721945414,
    "regul_last": 0.0001079061446043184
  }
}