{
  "optimizer": {
    "lr": 1.6027193852162805e-05
  },
  "strategy": {
    "alpha_ema": 0.6868288311394897,
    "regul": 0.01438129789983454
  }
}