{
  "optimizer": {
    "lr": 0.0002767298047873072
  },
  "strategy": {
    "alpha_ema": 0.0275489990764009,
    "regul": 0.09896350857541034
  }
}