{
  "optimizer": {
    "lr": 0.013807641902639651
  },
  "strategy": {
    "alpha_ema": 0.37886311026347075,
    "lambda_": 0.03381119266925268,
    "regul": 0.0012153367258913458
  }
}