{
  "optimizer": {
    "lr": 0.010385976659513156
  },
  "strategy": {
    "alpha_ema": 0.02622497679179322,
    "regul": 0.0017059687656592925,
    "regul_last": 0.00216599189325544
  }
}