{
  "optimizer": {
    "lr": 0.08314307732950599
  },
  "strategy": {
    "alpha_ema": 0.39470183630544525,
    "alpha_ema_last": 0.26962644441029787,
    "regul": 0.4993571372609674
  }
}