{
  "optimizer": {
    "lr": 0.0002571209453647309
  },
  "strategy": {
    "regul": 0.007550218102631194
  }
}