{
  "optimizer": {
    "lr": 1.219343358273493e-05
  },
  "strategy": {
    "alpha_ema": 0.19408511042393548,
    "alpha_ema_last": 0.9131188669080118,
    "clip": 43969.33819140986,
    "lambda_": 7.282606867650321,
    "regul": 0.000144455511875149,
    "regul_last": 0.05451581522324116
  }
}