{
  "optimizer": {
    "lr": 0.0009788888525729125
  },
  "strategy": {
    "alpha_ema": 0.24816313094413195,
    "regul": 6.332706739886256e-05
  }
}