{
  "optimizer": {
    "lr": 0.0021595339239122583
  },
  "strategy": {
    "regul": 0.023026069877917874
  }
}