{
  "optimizer": {
    "lr": 0.001870430740495124
  },
  "strategy": {
    "alpha_ema": 0.8554379133122146,
    "regul": 0.0037430173392635933
  }
}