{
  "optimizer": {
    "lr": 0.0006195839644240153
  },
  "strategy": {
    "alpha_ema": 0.06883561932876277,
    "regul": 9.16132831704863e-05
  }
}