{
  "optimizer": {
    "lr": 0.0026971540291775282
  },
  "strategy": {
    "alpha_ema": 0.0897373875665956,
    "regul": 0.00010446807279171392
  }
}