{
  "optimizer": {
    "lr": 0.05600919558790173
  },
  "strategy": {
    "alpha_ema": 0.018513112236637815,
    "alpha_ema_last": 0.4409959669187207,
    "clip": 58.962350248969976,
    "lambda_": 13.893659983331379,
    "regul": 0.14534307747312322,
    "regul_last": 0.00227624411509834
  }
}