{
  "optimizer": {
    "lr": 0.0008175877077692879
  },
  "strategy": {
    "regul": 0.00026910247197081075
  }
}