{
  "optimizer": {
    "lr": 0.012414585097140452
  },
  "strategy": {
    "alpha_ema": 0.8725621315670082,
    "regul": 0.0032165769302277573
  }
}