{
  "optimizer": {
    "lr": 0.0004900550332457331
  },
  "strategy": {
    "alpha_ema": 0.2490175212133318,
    "regul": 2.045928060408495e-05,
    "regul_last": 0.03901032809989576
  }
}