{
  "optimizer": {
    "lr": 0.000222661584269725
  },
  "strategy": {
    "alpha_ema": 0.06589229746232365,
    "regul": 6.618206024798223e-05,
    "regul_last": 0.0162353723767573
  }
}