{
  "optimizer": {
    "lr": 0.00017758475016770101
  },
  "strategy": {
    "alpha_ema": 0.1567793745901173,
    "regul": 0.00016495114097940685
  }
}