{
  "optimizer": {
    "lr": 0.0018305600252056275
  },
  "strategy": {
    "alpha_ema": 0.6537203087435096,
    "regul": 0.0011788101024004718,
    "regul_last": 0.03392684251174785
  }
}