{
  "optimizer": {
    "lr": 0.0001702512027117068
  },
  "strategy": {
    "alpha_ema": 0.13747255720142595,
    "regul": 0.0024685843335706093
  }
}