{
  "optimizer": {
    "lr": 0.0006440211508925687
  },
  "strategy": {
    "alpha_ema": 0.023337732479082416,
    "regul": 0.01842551994733028,
    "regul_last": 0.23778790614776452
  }
}