{
  "strategy": {
    "alpha_ema": 0.6757788499690358,
    "clip": 2.5758657341186657,
    "lambda_": 0.4097279376377939,
    "regul": 0.09284226405453343
  }
}