{
  "optimizer": {
    "lr": 0.090057827020247
  },
  "strategy": {
    "alpha_ema": 0.09293874460758123,
    "regul": 5.36240505005297e-05,
    "regul_last": 0.010004360655419589
  }
}