{
  "optimizer": {
    "lr": 0.0002952995021529685
  },
  "strategy": {
    "alpha_ema": 0.06435394397145401,
    "alpha_ema_last": 0.08746457133838566,
    "clip": 7603.052148318059,
    "lambda_": 0.010524407365962234,
    "regul": 0.0007670778934251468,
    "regul_last": 0.0037584769854649117
  }
}