{
  "optimizer": {
    "lr": 0.007187105190860323
  },
  "strategy": {
    "alpha_ema": 0.011683420302861276,
    "regul": 0.0430385214839196
  }
}