{
  "optimizer": {
    "lr": 0.0023832185936376676
  },
  "strategy": {
    "alpha_ema": 0.1528165484937076,
    "regul": 0.00030062986215137846
  }
}