{
  "optimizer": {
    "lr": 0.0007895353006796941
  },
  "strategy": {
    "alpha_ema": 0.12774363588883272,
    "alpha_ema_last": 0.04832015656179362,
    "clip": 5537.294809654336,
    "lambda_": 0.015875340180978977,
    "regul": 0.0005205607226879444,
    "regul_last": 0.00105074718211863
  }
}