{
  "optimizer": {
    "lr": 0.00020874334432317496
  },
  "strategy": {
    "alpha_ema": 0.9911161595863272,
    "alpha_ema_last": 0.2778299287700828,
    "regul": 0.002599055646140625
  }
}