{
  "optimizer": {
    "lr": 0.0058941332188011805
  },
  "strategy": {
    "alpha_ema": 0.015987352395794973,
    "regul": 0.0010731434635981466
  }
}