{
  "optimizer": {
    "lr": 1.5515932165029166e-05
  },
  "strategy": {
    "alpha_ema": 0.03987955453380648,
    "regul": 0.00014404127045913878
  }
}