{
  "strategy": {
    "alpha_ema": 0.011837759906967428,
    "clip": 2.9506285457086343,
    "lambda_": 7.307646901116766,
    "regul": 0.0008717958198810941
  }
}