{
  "optimizer": {
    "lr": 0.0008039511441163612
  },
  "strategy": {
    "alpha_ema": 0.015430236373274564,
    "regul": 0.001850943134065171,
    "regul_last": 0.0003865092007382834
  }
}