{
  "optimizer": {
    "lr": 0.001746190515938774
  },
  "strategy": {
    "alpha_ema": 0.07762689524477677,
    "alpha_ema_last": 0.11875787719658155,
    "clip": 52155.09264950633,
    "lambda_": 17.86208845285513,
    "regul": 0.0055029374966816084,
    "regul_last": 0.30126168565193695
  }
}