{
  "optimizer": {
    "lr": 0.00039724946808847756
  },
  "strategy": {
    "alpha_ema": 0.09842100617858765,
    "regul": 0.0001110248116450484,
    "regul_last": 0.002187730208588152
  }
}