{
  "optimizer": {
    "lr": 0.0006716420789930073
  },
  "strategy": {
    "alpha_ema": 0.3657258582664579,
    "regul": 0.0013793797254731536
  }
}