{
  "optimizer": {
    "lr": 0.009089444523173824
  },
  "strategy": {
    "alpha_ema": 0.029373286629999384,
    "alpha_ema_last": 0.30902479079693057,
    "clip": 1.2710289279347535,
    "lambda_": 3.554266916595715,
    "regul": 0.004227963384600333,
    "regul_last": 0.0830045060660074
  }
}