{
  "optimizer": {
    "lr": 0.0002749918745948617
  },
  "strategy": {
    "alpha_ema": 0.7477426828665412,
    "regul": 0.0034313417734310524
  }
}