{
  "strategy": {
    "alpha_ema": 0.750153915125296,
    "clip": 0.024667492362520187,
    "lambda_": 1.0407273442052951,
    "regul": 0.23048658228575583
  }
}