{
  "strategy": {
    "alpha_ema": 0.09337906045783387,
    "clip": 0.08831637152620939,
    "lambda_": 5.276852865012838,
    "regul": 0.05157112842982379
  }
}