{
  "optimizer": {
    "lr": 0.0010255557077914013
  },
  "strategy": {
    "alpha_ema": 0.3824867342589908,
    "alpha_ema_last": 0.15741512267166663,
    "regul": 0.0003075481531425148
  }
}