{
  "optimizer": {
    "lr": 2.89844906797457e-05
  },
  "strategy": {
    "alpha_ema": 0.040877041077828954,
    "regul": 0.09072037391659096
  }
}