{
  "optimizer": {
    "lr": 0.002043307944833242
  },
  "strategy": {
    "alpha_ema": 0.05316730456579099,
    "lambda_": 0.061037581088179305,
    "regul": 0.0007111909988177069
  }
}