{
  "optimizer": {
    "lr": 0.00110441076452237
  },
  "strategy": {
    "alpha_ema": 0.5515675808662419,
    "regul": 0.0006792995199389599
  }
}