{
  "optimizer": {
    "lr": 0.00250175922752067
  },
  "strategy": {
    "alpha_ema": 0.5215370994350259,
    "regul": 0.006927958934176059
  }
}