{
  "optimizer": {
    "lr": 0.0011651172300015985
  },
  "strategy": {
    "alpha_ema": 0.42194190345464044,
    "regul": 1.6049407973274313e-05
  }
}