{
  "optimizer": {
    "lr": 0.0024978248799935265
  },
  "strategy": {
    "alpha_ema": 0.21659790089933287,
    "regul": 0.00019366895652189213
  }
}