{
  "optimizer": {
    "lr": 0.00013767384164718074
  },
  "strategy": {
    "alpha_ema": 0.03228873233709635,
    "regul": 0.09680220732826997,
    "regul_last": 0.0015831441972040808
  }
}