{
  "optimizer": {
    "lr": 2.5686104464760736e-05
  },
  "strategy": {
    "alpha_ema": 0.012369177046301496,
    "regul": 0.0005367732392932481
  }
}