{
  "strategy": {
    "alpha_ema": 0.014244183399446502,
    "alpha_ema_last": 0.23066357053581188,
    "clip": 0.29436678768231833,
    "lambda_": 0.016008333909478895,
    "regul": 0.004377609477503203,
    "regul_last": 0.0011690147790263334
  }
}