{
  "strategy": {
    "alpha_ema": 0.425431734885367,
    "clip": 2.177173430529627,
    "lambda_": 0.3748960493780143,
    "regul": 0.29369244225193686
  }
}