{
  "optimizer": {
    "lr": 0.005055906595820116
  },
  "strategy": {
    "alpha_ema": 0.04177311869590432,
    "regul": 0.006594110956165557,
    "regul_last": 0.03188973180926783
  }
}