{
  "optimizer": {
    "lr": 0.009180712335798579
  },
  "strategy": {
    "alpha_ema": 0.018152308230230643,
    "regul": 0.00018875481994386862
  }
}