{
  "optimizer": {
    "lr": 0.0014094536085865574
  },
  "strategy": {
    "alpha_ema": 0.09080168769332016,
    "regul": 0.001141194373260376,
    "regul_last": 0.3794396252214307
  }
}