{
  "optimizer": {
    "lr": 0.0015444668373791794
  },
  "strategy": {
    "alpha_ema": 0.02163412250436926,
    "regul": 0.005218018496514207
  }
}