{
  "optimizer": {
    "lr": 0.0004968324607187745
  },
  "strategy": {
    "alpha_ema": 0.314746519825067,
    "regul": 2.7897202877320298e-05
  }
}