{
  "optimizer": {
    "lr": 2.378217113126422e-05
  },
  "strategy": {
    "alpha_ema": 0.22580440155313478,
    "regul": 0.00012115087157198372
  }
}