{
  "optimizer": {
    "lr": 0.0013293822077299455
  },
  "strategy": {
    "alpha_ema": 0.05674398428498067,
    "regul": 0.0004503163138253119
  }
}