{
  "optimizer": {
    "lr": 0.07521630583738263
  },
  "strategy": {
    "alpha_ema": 0.04892482819588575,
    "lambda_": 0.07800565216576483,
    "regul": 0.03876473887424601
  }
}